0 ; 0.0 ; 0.0 ; 0.0 ; 0.0
1 ; 0.0 ; 16.666666 ; 0.0 ; 16.666666
2 ; 0.0 ; 0.0 ; 0.0 ; 16.666666
3 ; 0.0 ; 16.666666 ; 0.0 ; 33.333332
4 ; 0.0 ; 0.0 ; 0.0 ; 33.333332
5 ; 0.0 ; 0.0 ; 0.0 ; 33.333332
6 ; 0.0 ; 16.666666 ; 0.0 ; 50.0
7 ; 0.0 ; 16.666666 ; 0.0 ; 66.666664
8 ; 0.0 ; 0.0 ; 0.0 ; 66.666664
9 ; 0.0 ; 16.666666 ; 0.0 ; 83.33333
10 ; 0.0 ; 0.0 ; 0.0 ; 83.33333
11 ; 0.0 ; 0.0 ; 0.0 ; 83.33333
12 ; 0.0 ; 16.666666 ; 0.0 ; 99.99999
13 ; 0.0 ; 16.666666 ; 0.0 ; 116.66666
14 ; 0.0 ; 16.666666 ; 0.0 ; 133.33333
15 ; 0.0 ; 16.666666 ; 0.0 ; 150.0
16 ; 0.0 ; 16.666666 ; 0.0 ; 166.66667
17 ; 0.0 ; 16.666666 ; 0.0 ; 183.33334
18 ; 0.0 ; 16.666666 ; 0.0 ; 200.00002
19 ; 0.0 ; 0.0 ; 0.0 ; 200.00002
20 ; 0.0 ; 0.0 ; 0.0 ; 200.00002
21 ; 0.0 ; 16.666666 ; 0.0 ; 216.66669
22 ; 0.0 ; 16.666666 ; 0.0 ; 233.33336
23 ; 0.0 ; 0.0 ; 0.0 ; 233.33336
24 ; 0.0 ; 0.0 ; 0.0 ; 233.33336
25 ; 0.0 ; 0.0 ; 0.0 ; 233.33336
26 ; 0.0 ; 0.0 ; 0.0 ; 233.33336
27 ; 0.0 ; 16.666666 ; 0.0 ; 250.00003
28 ; 0.0 ; 0.0 ; 0.0 ; 250.00003
29 ; 0.0 ; 16.666666 ; 0.0 ; 266.6667
30 ; 0.0 ; 0.0 ; 0.0 ; 266.6667
31 ; 0.0 ; 16.666666 ; 0.0 ; 283.33334
32 ; 0.0 ; 0.0 ; 0.0 ; 283.33334
33 ; 0.0 ; 16.666666 ; 0.0 ; 300.0
34 ; 0.0 ; 16.666666 ; 0.0 ; 316.66666
35 ; 0.0 ; 0.0 ; 0.0 ; 316.66666
36 ; 0.0 ; 0.0 ; 0.0 ; 316.66666
37 ; 0.0 ; 16.666666 ; 0.0 ; 333.3333
38 ; 0.0 ; 16.666666 ; 0.0 ; 349.99997
39 ; 0.0 ; 0.0 ; 0.0 ; 349.99997
40 ; 0.0 ; 16.666666 ; 0.0 ; 366.66663
41 ; 0.0 ; 0.0 ; 0.0 ; 366.66663
42 ; 0.0 ; 16.666666 ; 0.0 ; 383.33328
43 ; 0.0 ; 0.0 ; 0.0 ; 383.33328
44 ; 0.0 ; 0.0 ; 0.0 ; 383.33328
45 ; 0.0 ; 0.0 ; 0.0 ; 383.33328
46 ; 0.0 ; 0.0 ; 0.0 ; 383.33328
47 ; 0.0 ; 0.0 ; 0.0 ; 383.33328
48 ; 0.0 ; 0.0 ; 0.0 ; 383.33328
49 ; 0.0 ; 16.666666 ; 0.0 ; 399.99994
50 ; 0.0 ; 0.0 ; 0.0 ; 399.99994
51 ; 0.0 ; 0.0 ; 0.0 ; 399.99994
52 ; 0.0 ; 16.666666 ; 0.0 ; 416.6666
53 ; 0.0 ; 16.666666 ; 0.0 ; 433.33325
54 ; 0.0 ; 0.0 ; 0.0 ; 433.33325
55 ; 0.0 ; 0.0 ; 0.0 ; 433.33325
56 ; 0.0 ; 16.666666 ; 0.0 ; 449.9999
57 ; 0.0 ; 16.666666 ; 0.0 ; 466.66656
58 ; 0.0 ; 16.666666 ; 0.0 ; 483.33322
59 ; 0.0 ; 16.666666 ; 0.0 ; 499.99988
60 ; 0.0 ; 16.666666 ; 0.0 ; 516.66656
61 ; 0.0 ; 16.666666 ; 0.0 ; 533.33325
62 ; 0.0 ; 0.0 ; 0.0 ; 533.33325
63 ; 0.0 ; 16.666666 ; 0.0 ; 549.99994
64 ; 0.0 ; 0.0 ; 0.0 ; 549.99994
65 ; 0.0 ; 0.0 ; 0.0 ; 549.99994
66 ; 0.0 ; 0.0 ; 0.0 ; 549.99994
67 ; 0.0 ; 0.0 ; 0.0 ; 549.99994
68 ; 0.0 ; 0.0 ; 0.0 ; 549.99994
69 ; 0.0 ; 16.666666 ; 0.0 ; 566.6666
70 ; 0.0 ; 16.666666 ; 0.0 ; 583.3333
71 ; 0.0 ; 16.666666 ; 0.0 ; 600.0
72 ; 0.0 ; 16.666666 ; 0.0 ; 616.6667
73 ; 0.0 ; 16.666666 ; 0.0 ; 633.3334
74 ; 0.0 ; 16.666666 ; 0.0 ; 650.00006
75 ; 0.0 ; 0.0 ; 0.0 ; 650.00006
76 ; 0.0 ; 16.666666 ; 0.0 ; 666.66675
77 ; 0.0 ; 0.0 ; 0.0 ; 666.66675
78 ; 0.0 ; 0.0 ; 0.0 ; 666.66675
79 ; 0.0 ; 0.0 ; 0.0 ; 666.66675
80 ; 0.0 ; 16.666666 ; 0.0 ; 683.33344
81 ; 0.0 ; 0.0 ; 0.0 ; 683.33344
82 ; 0.0 ; 0.0 ; 0.0 ; 683.33344
83 ; 0.0 ; 16.666666 ; 0.0 ; 700.0001
84 ; 0.0 ; 16.666666 ; 0.0 ; 716.6668
85 ; 0.0 ; 16.666666 ; 0.0 ; 733.3335
86 ; 0.0 ; 16.666666 ; 0.0 ; 750.0002
87 ; 0.0 ; 16.666666 ; 0.0 ; 766.6669
88 ; 0.0 ; 16.666666 ; 0.0 ; 783.33356
89 ; 0.0 ; 0.0 ; 0.0 ; 783.33356
90 ; 0.0 ; 0.0 ; 0.0 ; 783.33356
91 ; 0.0 ; 0.0 ; 0.0 ; 783.33356
92 ; 0.0 ; 0.0 ; 0.0 ; 783.33356
93 ; 0.0 ; 16.666666 ; 0.0 ; 800.00024
94 ; 0.0 ; 0.0 ; 0.0 ; 800.00024
95 ; 0.0 ; 0.0 ; 0.0 ; 800.00024
96 ; 0.0 ; 0.0 ; 0.0 ; 800.00024
97 ; 0.0 ; 0.0 ; 0.0 ; 800.00024
98 ; 0.0 ; 16.666666 ; 0.0 ; 816.66693
99 ; 0.0 ; 16.666666 ; 0.0 ; 833.3336
100 ; 0.0 ; 16.666666 ; 0.0 ; 850.0003
101 ; 0.0 ; 16.666666 ; 0.0 ; 866.667
102 ; 0.0 ; 0.0 ; 0.0 ; 866.667
103 ; 0.0 ; 16.666666 ; 0.0 ; 883.3337
104 ; 0.0 ; 0.0 ; 0.0 ; 883.3337
105 ; 0.0 ; 0.0 ; 0.0 ; 883.3337
106 ; 0.0 ; 0.0 ; 0.0 ; 883.3337
107 ; 0.0 ; 0.0 ; 0.0 ; 883.3337
108 ; 0.0 ; 16.666666 ; 0.0 ; 900.00037
109 ; 0.0 ; 16.666666 ; 0.0 ; 916.66705
110 ; 0.0 ; 0.0 ; 0.0 ; 916.66705
111 ; 0.0 ; 0.0 ; 0.0 ; 916.66705
112 ; 0.0 ; 16.666666 ; 0.0 ; 933.33374
113 ; 0.0 ; 0.0 ; 0.0 ; 933.33374
114 ; 0.0 ; 0.0 ; 0.0 ; 933.33374
115 ; 0.0 ; 16.666666 ; 0.0 ; 950.0004
116 ; 0.0 ; 16.666666 ; 0.0 ; 966.6671
117 ; 0.0 ; 0.0 ; 0.0 ; 966.6671
118 ; 0.0 ; 16.666666 ; 0.0 ; 983.3338
119 ; 0.0 ; 16.666666 ; 0.0 ; 1000.0005
120 ; 0.0 ; 16.666666 ; 0.0 ; 1016.6672
121 ; 0.0 ; 16.666666 ; 0.0 ; 1033.3339
122 ; 0.0 ; 16.666666 ; 0.0 ; 1050.0005
123 ; 0.0 ; 0.0 ; 0.0 ; 1050.0005
124 ; 0.0 ; 0.0 ; 0.0 ; 1050.0005
125 ; 0.0 ; 0.0 ; 0.0 ; 1050.0005
126 ; 0.0 ; 0.0 ; 0.0 ; 1050.0005
127 ; 0.0 ; 16.666666 ; 0.0 ; 1066.6671
128 ; 0.0 ; 0.0 ; 0.0 ; 1066.6671
129 ; 0.0 ; 16.666666 ; 0.0 ; 1083.3337
130 ; 0.0 ; 0.0 ; 0.0 ; 1083.3337
131 ; 0.0 ; 16.666666 ; 0.0 ; 1100.0004
132 ; 0.0 ; 16.666666 ; 0.0 ; 1116.667
133 ; 0.0 ; 0.0 ; 0.0 ; 1116.667
134 ; 0.0 ; 16.666666 ; 0.0 ; 1133.3336
135 ; 0.0 ; 0.0 ; 0.0 ; 1133.3336
136 ; 0.0 ; 0.0 ; 0.0 ; 1133.3336
137 ; 0.0 ; 16.666666 ; 0.0 ; 1150.0002
138 ; 0.0 ; 16.666666 ; 0.0 ; 1166.6669
139 ; 0.0 ; 0.0 ; 0.0 ; 1166.6669
140 ; 0.0 ; 0.0 ; 0.0 ; 1166.6669
141 ; 0.0 ; 0.0 ; 0.0 ; 1166.6669
142 ; 0.0 ; 0.0 ; 0.0 ; 1166.6669
143 ; 0.0 ; 16.666666 ; 0.0 ; 1183.3335
144 ; 0.0 ; 16.666666 ; 0.0 ; 1200.0001
145 ; 0.0 ; 16.666666 ; 0.0 ; 1216.6667
146 ; 0.0 ; 0.0 ; 0.0 ; 1216.6667
147 ; 0.0 ; 16.666666 ; 0.0 ; 1233.3334
148 ; 0.0 ; 0.0 ; 0.0 ; 1233.3334
149 ; 0.0 ; 0.0 ; 0.0 ; 1233.3334
150 ; 0.0 ; 0.0 ; 0.0 ; 1233.3334
151 ; 0.0 ; 16.666666 ; 0.0 ; 1250.0
152 ; 0.0 ; 16.666666 ; 0.0 ; 1266.6666
153 ; 0.0 ; 0.0 ; 0.0 ; 1266.6666
154 ; 0.0 ; 16.666666 ; 0.0 ; 1283.3333
155 ; 0.0 ; 16.666666 ; 0.0 ; 1299.9999
156 ; 0.0 ; 16.666666 ; 0.0 ; 1316.6665
157 ; 0.0 ; 16.666666 ; 0.0 ; 1333.3331
158 ; 0.0 ; 16.666666 ; 0.0 ; 1349.9998
159 ; 0.0 ; 16.666666 ; 0.0 ; 1366.6664
160 ; 0.0 ; 16.666666 ; 0.0 ; 1383.333
161 ; 0.0 ; 16.666666 ; 0.0 ; 1399.9996
162 ; 0.0 ; 0.0 ; 0.0 ; 1399.9996
163 ; 0.0 ; 0.0 ; 0.0 ; 1399.9996
164 ; 0.0 ; 16.666666 ; 0.0 ; 1416.6663
165 ; 0.0 ; 16.666666 ; 0.0 ; 1433.3329
166 ; 0.0 ; 16.666666 ; 0.0 ; 1449.9995
167 ; 0.0 ; 16.666666 ; 0.0 ; 1466.6661
168 ; 0.0 ; 0.0 ; 0.0 ; 1466.6661
169 ; 0.0 ; 0.0 ; 0.0 ; 1466.6661
170 ; 0.0 ; 16.666666 ; 0.0 ; 1483.3328
171 ; 0.0 ; 0.0 ; 0.0 ; 1483.3328
172 ; 0.0 ; 16.666666 ; 0.0 ; 1499.9994
173 ; 0.0 ; 0.0 ; 0.0 ; 1499.9994
174 ; 0.0 ; 0.0 ; 0.0 ; 1499.9994
175 ; 0.0 ; 0.0 ; 0.0 ; 1499.9994
176 ; 0.0 ; 0.0 ; 0.0 ; 1499.9994
177 ; 0.0 ; 0.0 ; 0.0 ; 1499.9994
178 ; 0.0 ; 16.666666 ; 0.0 ; 1516.666
179 ; 0.0 ; 16.666666 ; 0.0 ; 1533.3326
180 ; 0.0 ; 0.0 ; 0.0 ; 1533.3326
181 ; 0.0 ; 0.0 ; 0.0 ; 1533.3326
182 ; 0.0 ; 0.0 ; 0.0 ; 1533.3326
183 ; 0.0 ; 16.666666 ; 0.0 ; 1549.9993
184 ; 0.0 ; 16.666666 ; 0.0 ; 1566.6659
185 ; 0.0 ; 0.0 ; 0.0 ; 1566.6659
186 ; 0.0 ; 0.0 ; 0.0 ; 1566.6659
187 ; 0.0 ; 0.0 ; 0.0 ; 1566.6659
188 ; 0.0 ; 16.666666 ; 0.0 ; 1583.3325
189 ; 0.0 ; 16.666666 ; 0.0 ; 1599.9991
190 ; 0.0 ; 16.666666 ; 0.0 ; 1616.6658
191 ; 0.0 ; 0.0 ; 0.0 ; 1616.6658
192 ; 0.0 ; 0.0 ; 0.0 ; 1616.6658
193 ; 0.0 ; 0.0 ; 0.0 ; 1616.6658
194 ; 0.0 ; 16.666666 ; 0.0 ; 1633.3324
195 ; 0.0 ; 0.0 ; 0.0 ; 1633.3324
196 ; 0.0 ; 0.0 ; 0.0 ; 1633.3324
197 ; 0.0 ; 16.666666 ; 0.0 ; 1649.999
198 ; 0.0 ; 0.0 ; 0.0 ; 1649.999
199 ; 0.0 ; 16.666666 ; 0.0 ; 1666.6656
200 ; 0.0 ; 16.666666 ; 0.0 ; 1683.3323
201 ; 0.0 ; 16.666666 ; 0.0 ; 1699.9989
202 ; 0.0 ; 0.0 ; 0.0 ; 1699.9989
203 ; 0.0 ; 16.666666 ; 0.0 ; 1716.6655
204 ; 0.0 ; 16.666666 ; 0.0 ; 1733.3322
205 ; 0.0 ; 16.666666 ; 0.0 ; 1749.9988
206 ; 0.0 ; 0.0 ; 0.0 ; 1749.9988
207 ; 0.0 ; 0.0 ; 0.0 ; 1749.9988
208 ; 0.0 ; 0.0 ; 0.0 ; 1749.9988
209 ; 0.0 ; 0.0 ; 0.0 ; 1749.9988
210 ; 0.0 ; 0.0 ; 0.0 ; 1749.9988
211 ; 0.0 ; 16.666666 ; 0.0 ; 1766.6654
212 ; 0.0 ; 16.666666 ; 0.0 ; 1783.332
213 ; 0.0 ; 16.666666 ; 0.0 ; 1799.9987
214 ; 0.0 ; 16.666666 ; 0.0 ; 1816.6653
215 ; 0.0 ; 16.666666 ; 0.0 ; 1833.3319
216 ; 0.0 ; 16.666666 ; 0.0 ; 1849.9985
217 ; 0.0 ; 0.0 ; 0.0 ; 1849.9985
218 ; 0.0 ; 0.0 ; 0.0 ; 1849.9985
219 ; 0.0 ; 16.666666 ; 0.0 ; 1866.6652
220 ; 0.0 ; 0.0 ; 0.0 ; 1866.6652
221 ; 0.0 ; 16.666666 ; 0.0 ; 1883.3318
222 ; 0.0 ; 0.0 ; 0.0 ; 1883.3318
223 ; 0.0 ; 16.666666 ; 0.0 ; 1899.9984
224 ; 0.0 ; 16.666666 ; 0.0 ; 1916.665
225 ; 0.0 ; 16.666666 ; 0.0 ; 1933.3317
226 ; 0.0 ; 16.666666 ; 0.0 ; 1949.9983
227 ; 0.0 ; 0.0 ; 0.0 ; 1949.9983
228 ; 0.0 ; 16.666666 ; 0.0 ; 1966.6649
229 ; 0.0 ; 0.0 ; 0.0 ; 1966.6649
230 ; 0.0 ; 16.666666 ; 0.0 ; 1983.3315
231 ; 0.0 ; 16.666666 ; 0.0 ; 1999.9982
232 ; 0.0 ; 16.666666 ; 0.0 ; 2016.6648
233 ; 0.0 ; 16.666666 ; 0.0 ; 2033.3314
234 ; 0.0 ; 0.0 ; 0.0 ; 2033.3314
235 ; 0.0 ; 0.0 ; 0.0 ; 2033.3314
236 ; 0.0 ; 16.666666 ; 0.0 ; 2049.998
237 ; 0.0 ; 0.0 ; 0.0 ; 2049.998
238 ; 0.0 ; 0.0 ; 0.0 ; 2049.998
239 ; 0.0 ; 0.0 ; 0.0 ; 2049.998
240 ; 0.0 ; 16.666666 ; 0.0 ; 2066.6648
241 ; 0.0 ; 16.666666 ; 0.0 ; 2083.3315
242 ; 0.0 ; 16.666666 ; 0.0 ; 2099.9983
243 ; 0.0 ; 16.666666 ; 0.0 ; 2116.665
244 ; 0.0 ; 0.0 ; 0.0 ; 2116.665
245 ; 0.0 ; 16.666666 ; 0.0 ; 2133.3318
246 ; 0.0 ; 0.0 ; 0.0 ; 2133.3318
247 ; 0.0 ; 0.0 ; 0.0 ; 2133.3318
248 ; 0.0 ; 16.666666 ; 0.0 ; 2149.9985
249 ; 0.0 ; 0.0 ; 0.0 ; 2149.9985
250 ; 0.0 ; 16.666666 ; 0.0 ; 2166.6653
251 ; 0.0 ; 16.666666 ; 0.0 ; 2183.332
252 ; 0.0 ; 16.666666 ; 0.0 ; 2199.9988
253 ; 0.0 ; 16.666666 ; 0.0 ; 2216.6655
254 ; 0.0 ; 0.0 ; 0.0 ; 2216.6655
255 ; 0.0 ; 16.666666 ; 0.0 ; 2233.3323
256 ; 0.0 ; 16.666666 ; 0.0 ; 2249.999
257 ; 0.0 ; 0.0 ; 0.0 ; 2249.999
258 ; 0.0 ; 16.666666 ; 0.0 ; 2266.6658
259 ; 0.0 ; 0.0 ; 0.0 ; 2266.6658
260 ; 0.0 ; 16.666666 ; 0.0 ; 2283.3325
261 ; 0.0 ; 0.0 ; 0.0 ; 2283.3325
262 ; 0.0 ; 16.666666 ; 0.0 ; 2299.9993
263 ; 0.0 ; 16.666666 ; 0.0 ; 2316.666
264 ; 0.0 ; 0.0 ; 0.0 ; 2316.666
265 ; 0.0 ; 0.0 ; 0.0 ; 2316.666
266 ; 0.0 ; 16.666666 ; 0.0 ; 2333.3328
267 ; 0.0 ; 0.0 ; 0.0 ; 2333.3328
268 ; 0.0 ; 16.666666 ; 0.0 ; 2349.9995
269 ; 0.0 ; 0.0 ; 0.0 ; 2349.9995
270 ; 0.0 ; 16.666666 ; 0.0 ; 2366.6663
271 ; 0.0 ; 16.666666 ; 0.0 ; 2383.333
272 ; 0.0 ; 16.666666 ; 0.0 ; 2399.9998
273 ; 0.0 ; 16.666666 ; 0.0 ; 2416.6665
274 ; 0.0 ; 16.666666 ; 0.0 ; 2433.3333
275 ; 0.0 ; 16.666666 ; 0.0 ; 2450.0
276 ; 0.0 ; 16.666666 ; 0.0 ; 2466.6667
277 ; 0.0 ; 16.666666 ; 0.0 ; 2483.3335
278 ; 0.0 ; 0.0 ; 0.0 ; 2483.3335
279 ; 0.0 ; 0.0 ; 0.0 ; 2483.3335
280 ; 0.0 ; 16.666666 ; 0.0 ; 2500.0002
281 ; 0.0 ; 0.0 ; 0.0 ; 2500.0002
282 ; 0.0 ; 0.0 ; 0.0 ; 2500.0002
283 ; 0.0 ; 16.666666 ; 0.0 ; 2516.667
284 ; 0.0 ; 0.0 ; 0.0 ; 2516.667
285 ; 0.0 ; 0.0 ; 0.0 ; 2516.667
286 ; 0.0 ; 16.666666 ; 0.0 ; 2533.3337
287 ; 0.0 ; 0.0 ; 0.0 ; 2533.3337
288 ; 0.0 ; 0.0 ; 0.0 ; 2533.3337
289 ; 0.0 ; 16.666666 ; 0.0 ; 2550.0005
290 ; 0.0 ; 0.0 ; 0.0 ; 2550.0005
291 ; 0.0 ; 16.666666 ; 0.0 ; 2566.6672
292 ; 0.0 ; 0.0 ; 0.0 ; 2566.6672
293 ; 0.0 ; 0.0 ; 0.0 ; 2566.6672
294 ; 0.0 ; 0.0 ; 0.0 ; 2566.6672
295 ; 0.0 ; 0.0 ; 0.0 ; 2566.6672
296 ; 0.0 ; 0.0 ; 0.0 ; 2566.6672
297 ; 0.0 ; 16.666666 ; 0.0 ; 2583.334
298 ; 0.0 ; 16.666666 ; 0.0 ; 2600.0007
299 ; 0.0 ; 16.666666 ; 0.0 ; 2616.6675
300 ; 0.0 ; 0.0 ; 0.0 ; 2616.6675
301 ; 0.0 ; 16.666666 ; 0.0 ; 2633.3342
302 ; 0.0 ; 0.0 ; 0.0 ; 2633.3342
303 ; 0.0 ; 16.666666 ; 0.0 ; 2650.001
304 ; 0.0 ; 16.666666 ; 0.0 ; 2666.6677
305 ; 0.0 ; 16.666666 ; 0.0 ; 2683.3345
306 ; 0.0 ; 16.666666 ; 0.0 ; 2700.0012
307 ; 0.0 ; 16.666666 ; 0.0 ; 2716.668
308 ; 0.0 ; 16.666666 ; 0.0 ; 2733.3347
309 ; 0.0 ; 16.666666 ; 0.0 ; 2750.0015
310 ; 0.0 ; 16.666666 ; 0.0 ; 2766.6682
311 ; 0.0 ; 16.666666 ; 0.0 ; 2783.335
312 ; 0.0 ; 16.666666 ; 0.0 ; 2800.0017
313 ; 0.0 ; 16.666666 ; 0.0 ; 2816.6685
314 ; 0.0 ; 16.666666 ; 0.0 ; 2833.3352
315 ; 0.0 ; 0.0 ; 0.0 ; 2833.3352
316 ; 0.0 ; 16.666666 ; 0.0 ; 2850.002
317 ; 0.0 ; 0.0 ; 0.0 ; 2850.002
318 ; 0.0 ; 16.666666 ; 0.0 ; 2866.6687
319 ; 0.0 ; 0.0 ; 0.0 ; 2866.6687
320 ; 0.0 ; 0.0 ; 0.0 ; 2866.6687
321 ; 0.0 ; 0.0 ; 0.0 ; 2866.6687
322 ; 0.0 ; 0.0 ; 0.0 ; 2866.6687
323 ; 0.0 ; 16.666666 ; 0.0 ; 2883.3354
324 ; 0.0 ; 0.0 ; 0.0 ; 2883.3354
325 ; 0.0 ; 0.0 ; 0.0 ; 2883.3354
326 ; 0.0 ; 16.666666 ; 0.0 ; 2900.0022
327 ; 0.0 ; 0.0 ; 0.0 ; 2900.0022
328 ; 0.0 ; 16.666666 ; 0.0 ; 2916.669
329 ; 0.0 ; 0.0 ; 0.0 ; 2916.669
330 ; 0.0 ; 0.0 ; 0.0 ; 2916.669
331 ; 0.0 ; 16.666666 ; 0.0 ; 2933.3357
332 ; 0.0 ; 16.666666 ; 0.0 ; 2950.0024
333 ; 0.0 ; 16.666666 ; 0.0 ; 2966.6692
334 ; 0.0 ; 16.666666 ; 0.0 ; 2983.336
335 ; 0.0 ; 0.0 ; 0.0 ; 2983.336
336 ; 0.0 ; 0.0 ; 0.0 ; 2983.336
337 ; 0.0 ; 0.0 ; 0.0 ; 2983.336
338 ; 0.0 ; 16.666666 ; 0.0 ; 3000.0027
339 ; 0.0 ; 16.666666 ; 0.0 ; 3016.6694
340 ; 0.0 ; 16.666666 ; 0.0 ; 3033.3362
341 ; 0.0 ; 0.0 ; 0.0 ; 3033.3362
342 ; 0.0 ; 0.0 ; 0.0 ; 3033.3362
343 ; 0.0 ; 16.666666 ; 0.0 ; 3050.003
344 ; 0.0 ; 0.0 ; 0.0 ; 3050.003
345 ; 0.0 ; 16.666666 ; 0.0 ; 3066.6697
346 ; 0.0 ; 16.666666 ; 0.0 ; 3083.3364
347 ; 0.0 ; 16.666666 ; 0.0 ; 3100.0032
348 ; 0.0 ; 16.666666 ; 0.0 ; 3116.67
349 ; 0.0 ; 16.666666 ; 0.0 ; 3133.3367
350 ; 0.0 ; 16.666666 ; 0.0 ; 3150.0034
351 ; 0.0 ; 0.0 ; 0.0 ; 3150.0034
352 ; 0.0 ; 16.666666 ; 0.0 ; 3166.6702
353 ; 0.0 ; 0.0 ; 0.0 ; 3166.6702
354 ; 0.0 ; 0.0 ; 0.0 ; 3166.6702
355 ; 0.0 ; 0.0 ; 0.0 ; 3166.6702
356 ; 0.0 ; 0.0 ; 0.0 ; 3166.6702
357 ; 0.0 ; 16.666666 ; 0.0 ; 3183.337
358 ; 0.0 ; 0.0 ; 0.0 ; 3183.337
359 ; 0.0 ; 16.666666 ; 0.0 ; 3200.0037
360 ; 0.0 ; 16.666666 ; 0.0 ; 3216.6704
361 ; 0.0 ; 0.0 ; 0.0 ; 3216.6704
362 ; 0.0 ; 0.0 ; 0.0 ; 3216.6704
363 ; 0.0 ; 0.0 ; 0.0 ; 3216.6704
364 ; 0.0 ; 0.0 ; 0.0 ; 3216.6704
365 ; 0.0 ; 16.666666 ; 0.0 ; 3233.3372
366 ; 0.0 ; 16.666666 ; 0.0 ; 3250.004
367 ; 0.0 ; 0.0 ; 0.0 ; 3250.004
368 ; 0.0 ; 16.666666 ; 0.0 ; 3266.6707
369 ; 0.0 ; 0.0 ; 0.0 ; 3266.6707
370 ; 0.0 ; 0.0 ; 0.0 ; 3266.6707
371 ; 0.0 ; 0.0 ; 0.0 ; 3266.6707
372 ; 0.0 ; 0.0 ; 0.0 ; 3266.6707
373 ; 0.0 ; 16.666666 ; 0.0 ; 3283.3374
374 ; 0.0 ; 0.0 ; 0.0 ; 3283.3374
375 ; 0.0 ; 16.666666 ; 0.0 ; 3300.0042
376 ; 0.0 ; 0.0 ; 0.0 ; 3300.0042
377 ; 0.0 ; 0.0 ; 0.0 ; 3300.0042
378 ; 0.0 ; 0.0 ; 0.0 ; 3300.0042
379 ; 0.0 ; 0.0 ; 0.0 ; 3300.0042
380 ; 0.0 ; 0.0 ; 0.0 ; 3300.0042
381 ; 0.0 ; 0.0 ; 0.0 ; 3300.0042
382 ; 0.0 ; 16.666666 ; 0.0 ; 3316.671
383 ; 0.0 ; 0.0 ; 0.0 ; 3316.671
384 ; 0.0 ; 0.0 ; 0.0 ; 3316.671
385 ; 0.0 ; 0.0 ; 0.0 ; 3316.671
386 ; 0.0 ; 16.666666 ; 0.0 ; 3333.3376
387 ; 0.0 ; 16.666666 ; 0.0 ; 3350.0044
388 ; 0.0 ; 0.0 ; 0.0 ; 3350.0044
389 ; 0.0 ; 16.666666 ; 0.0 ; 3366.6711
390 ; 0.0 ; 0.0 ; 0.0 ; 3366.6711
391 ; 0.0 ; 16.666666 ; 0.0 ; 3383.338
392 ; 0.0 ; 16.666666 ; 0.0 ; 3400.0046
393 ; 0.0 ; 16.666666 ; 0.0 ; 3416.6714
394 ; 0.0 ; 0.0 ; 0.0 ; 3416.6714
395 ; 0.0 ; 16.666666 ; 0.0 ; 3433.3381
396 ; 0.0 ; 0.0 ; 0.0 ; 3433.3381
397 ; 0.0 ; 16.666666 ; 0.0 ; 3450.005
398 ; 0.0 ; 0.0 ; 0.0 ; 3450.005
399 ; 0.0 ; 16.666666 ; 0.0 ; 3466.6716
400 ; 0.0 ; 0.0 ; 0.0 ; 3466.6716
401 ; 0.0 ; 16.666666 ; 0.0 ; 3483.3384
402 ; 0.0 ; 16.666666 ; 0.0 ; 3500.0051
403 ; 0.0 ; 16.666666 ; 0.0 ; 3516.6719
404 ; 0.0 ; 0.0 ; 0.0 ; 3516.6719
405 ; 0.0 ; 0.0 ; 0.0 ; 3516.6719
406 ; 0.0 ; 0.0 ; 0.0 ; 3516.6719
407 ; 0.0 ; 0.0 ; 0.0 ; 3516.6719
408 ; 0.0 ; 0.0 ; 0.0 ; 3516.6719
409 ; 0.0 ; 0.0 ; 0.0 ; 3516.6719
410 ; 0.0 ; 16.666666 ; 0.0 ; 3533.3386
411 ; 0.0 ; 0.0 ; 0.0 ; 3533.3386
412 ; 0.0 ; 16.666666 ; 0.0 ; 3550.0054
413 ; 0.0 ; 0.0 ; 0.0 ; 3550.0054
414 ; 0.0 ; 16.666666 ; 0.0 ; 3566.672
415 ; 0.0 ; 0.0 ; 0.0 ; 3566.672
416 ; 0.0 ; 0.0 ; 0.0 ; 3566.672
417 ; 0.0 ; 0.0 ; 0.0 ; 3566.672
418 ; 0.0 ; 16.666666 ; 0.0 ; 3583.3389
419 ; 0.0 ; 16.666666 ; 0.0 ; 3600.0056
420 ; 0.0 ; 0.0 ; 0.0 ; 3600.0056
421 ; 0.0 ; 0.0 ; 0.0 ; 3600.0056
422 ; 0.0 ; 16.666666 ; 0.0 ; 3616.6724
423 ; 0.0 ; 0.0 ; 0.0 ; 3616.6724
424 ; 0.0 ; 16.666666 ; 0.0 ; 3633.339
425 ; 0.0 ; 16.666666 ; 0.0 ; 3650.0059
426 ; 0.0 ; 0.0 ; 0.0 ; 3650.0059
427 ; 0.0 ; 16.666666 ; 0.0 ; 3666.6726
428 ; 0.0 ; 0.0 ; 0.0 ; 3666.6726
429 ; 0.0 ; 16.666666 ; 0.0 ; 3683.3394
430 ; 0.0 ; 16.666666 ; 0.0 ; 3700.006
431 ; 0.0 ; 16.666666 ; 0.0 ; 3716.6729
432 ; 0.0 ; 0.0 ; 0.0 ; 3716.6729
433 ; 0.0 ; 0.0 ; 0.0 ; 3716.6729
434 ; 0.0 ; 16.666666 ; 0.0 ; 3733.3396
435 ; 0.0 ; 16.666666 ; 0.0 ; 3750.0063
436 ; 0.0 ; 16.666666 ; 0.0 ; 3766.673
437 ; 0.0 ; 0.0 ; 0.0 ; 3766.673
438 ; 0.0 ; 16.666666 ; 0.0 ; 3783.3398
439 ; 0.0 ; 16.666666 ; 0.0 ; 3800.0066
440 ; 0.0 ; 0.0 ; 0.0 ; 3800.0066
441 ; 0.0 ; 16.666666 ; 0.0 ; 3816.6733
442 ; 0.0 ; 16.666666 ; 0.0 ; 3833.34
443 ; 0.0 ; 16.666666 ; 0.0 ; 3850.0068
444 ; 0.0 ; 16.666666 ; 0.0 ; 3866.6736
445 ; 0.0 ; 0.0 ; 0.0 ; 3866.6736
446 ; 0.0 ; 0.0 ; 0.0 ; 3866.6736
447 ; 0.0 ; 0.0 ; 0.0 ; 3866.6736
448 ; 0.0 ; 0.0 ; 0.0 ; 3866.6736
449 ; 0.0 ; 0.0 ; 0.0 ; 3866.6736
450 ; 0.0 ; 16.666666 ; 0.0 ; 3883.3403
451 ; 0.0 ; 16.666666 ; 0.0 ; 3900.007
452 ; 0.0 ; 0.0 ; 0.0 ; 3900.007
453 ; 0.0 ; 16.666666 ; 0.0 ; 3916.6738
454 ; 0.0 ; 16.666666 ; 0.0 ; 3933.3406
455 ; 0.0 ; 16.666666 ; 0.0 ; 3950.0073
456 ; 0.0 ; 16.666666 ; 0.0 ; 3966.674
457 ; 0.0 ; 16.666666 ; 0.0 ; 3983.3408
458 ; 0.0 ; 16.666666 ; 0.0 ; 4000.0076
459 ; 0.0 ; 0.0 ; 0.0 ; 4000.0076
460 ; 0.0 ; 0.0 ; 0.0 ; 4000.0076
461 ; 0.0 ; 16.666666 ; 0.0 ; 4016.6743
462 ; 0.0 ; 16.666666 ; 0.0 ; 4033.341
463 ; 0.0 ; 0.0 ; 0.0 ; 4033.341
464 ; 0.0 ; 16.666666 ; 0.0 ; 4050.0078
465 ; 0.0 ; 16.666666 ; 0.0 ; 4066.6746
466 ; 0.0 ; 0.0 ; 0.0 ; 4066.6746
467 ; 0.0 ; 0.0 ; 0.0 ; 4066.6746
468 ; 0.0 ; 0.0 ; 0.0 ; 4066.6746
469 ; 0.0 ; 0.0 ; 0.0 ; 4066.6746
470 ; 0.0 ; 0.0 ; 0.0 ; 4066.6746
471 ; 0.0 ; 16.666666 ; 0.0 ; 4083.3413
472 ; 0.0 ; 0.0 ; 0.0 ; 4083.3413
473 ; 0.0 ; 16.666666 ; 0.0 ; 4100.008
474 ; 0.0 ; 16.666666 ; 0.0 ; 4116.6743
475 ; 0.0 ; 16.666666 ; 0.0 ; 4133.341
476 ; 0.0 ; 16.666666 ; 0.0 ; 4150.0073
477 ; 0.0 ; 16.666666 ; 0.0 ; 4166.674
478 ; 0.0 ; 16.666666 ; 0.0 ; 4183.3403
479 ; 0.0 ; 0.0 ; 0.0 ; 4183.3403
480 ; 0.0 ; 16.666666 ; 0.0 ; 4200.007
481 ; 0.0 ; 0.0 ; 0.0 ; 4200.007
482 ; 0.0 ; 16.666666 ; 0.0 ; 4216.6733
483 ; 0.0 ; 16.666666 ; 0.0 ; 4233.34
484 ; 0.0 ; 16.666666 ; 0.0 ; 4250.0063
485 ; 0.0 ; 16.666666 ; 0.0 ; 4266.673
486 ; 0.0 ; 0.0 ; 0.0 ; 4266.673
487 ; 0.0 ; 16.666666 ; 0.0 ; 4283.3394
488 ; 0.0 ; 0.0 ; 0.0 ; 4283.3394
489 ; 0.0 ; 0.0 ; 0.0 ; 4283.3394
490 ; 0.0 ; 0.0 ; 0.0 ; 4283.3394
491 ; 0.0 ; 16.666666 ; 0.0 ; 4300.006
492 ; 0.0 ; 0.0 ; 0.0 ; 4300.006
493 ; 0.0 ; 0.0 ; 0.0 ; 4300.006
494 ; 0.0 ; 16.666666 ; 0.0 ; 4316.6724
495 ; 0.0 ; 16.666666 ; 0.0 ; 4333.339
496 ; 0.0 ; 16.666666 ; 0.0 ; 4350.0054
497 ; 0.0 ; 16.666666 ; 0.0 ; 4366.672
498 ; 0.0 ; 0.0 ; 0.0 ; 4366.672
499 ; 0.0 ; 16.666666 ; 0.0 ; 4383.3384
500 ; 0.0 ; 0.0 ; 0.0 ; 4383.3384
501 ; 0.0 ; 0.0 ; 0.0 ; 4383.3384
502 ; 0.0 ; 16.666666 ; 0.0 ; 4400.005
503 ; 0.0 ; 16.666666 ; 0.0 ; 4416.6714
504 ; 0.0 ; 0.0 ; 0.0 ; 4416.6714
505 ; 0.0 ; 16.666666 ; 0.0 ; 4433.338
506 ; 0.0 ; 0.0 ; 0.0 ; 4433.338
507 ; 0.0 ; 0.0 ; 0.0 ; 4433.338
508 ; 0.0 ; 0.0 ; 0.0 ; 4433.338
509 ; 0.0 ; 0.0 ; 0.0 ; 4433.338
510 ; 0.0 ; 0.0 ; 0.0 ; 4433.338
511 ; 0.0 ; 0.0 ; 0.0 ; 4433.338
512 ; 0.0 ; 0.0 ; 0.0 ; 4433.338
513 ; 0.0 ; 16.666666 ; 0.0 ; 4450.0044
514 ; 0.0 ; 0.0 ; 0.0 ; 4450.0044
515 ; 0.0 ; 16.666666 ; 0.0 ; 4466.671
516 ; 0.0 ; 16.666666 ; 0.0 ; 4483.3374
517 ; 0.0 ; 0.0 ; 0.0 ; 4483.3374
518 ; 0.0 ; 0.0 ; 0.0 ; 4483.3374
519 ; 0.0 ; 0.0 ; 0.0 ; 4483.3374
520 ; 0.0 ; 16.666666 ; 0.0 ; 4500.004
521 ; 0.0 ; 16.666666 ; 0.0 ; 4516.6704
522 ; 0.0 ; 0.0 ; 0.0 ; 4516.6704
523 ; 0.0 ; 16.666666 ; 0.0 ; 4533.337
524 ; 0.0 ; 16.666666 ; 0.0 ; 4550.0034
525 ; 0.0 ; 16.666666 ; 0.0 ; 4566.67
526 ; 0.0 ; 16.666666 ; 0.0 ; 4583.3364
527 ; 0.0 ; 16.666666 ; 0.0 ; 4600.003
528 ; 0.0 ; 0.0 ; 0.0 ; 4600.003
529 ; 0.0 ; 16.666666 ; 0.0 ; 4616.6694
530 ; 0.0 ; 0.0 ; 0.0 ; 4616.6694
531 ; 0.0 ; 16.666666 ; 0.0 ; 4633.336
532 ; 0.0 ; 16.666666 ; 0.0 ; 4650.0024
533 ; 0.0 ; 16.666666 ; 0.0 ; 4666.669
534 ; 0.0 ; 0.0 ; 0.0 ; 4666.669
535 ; 0.0 ; 0.0 ; 0.0 ; 4666.669
536 ; 0.0 ; 0.0 ; 0.0 ; 4666.669
537 ; 0.0 ; 0.0 ; 0.0 ; 4666.669
538 ; 0.0 ; 16.666666 ; 0.0 ; 4683.3354
539 ; 0.0 ; 0.0 ; 0.0 ; 4683.3354
540 ; 0.0 ; 16.666666 ; 0.0 ; 4700.002
541 ; 0.0 ; 16.666666 ; 0.0 ; 4716.6685
542 ; 0.0 ; 0.0 ; 0.0 ; 4716.6685
543 ; 0.0 ; 16.666666 ; 0.0 ; 4733.335
544 ; 0.0 ; 0.0 ; 0.0 ; 4733.335
545 ; 0.0 ; 16.666666 ; 0.0 ; 4750.0015
546 ; 0.0 ; 0.0 ; 0.0 ; 4750.0015
547 ; 0.0 ; 16.666666 ; 0.0 ; 4766.668
548 ; 0.0 ; 0.0 ; 0.0 ; 4766.668
549 ; 0.0 ; 16.666666 ; 0.0 ; 4783.3345
550 ; 0.0 ; 16.666666 ; 0.0 ; 4800.001
551 ; 0.0 ; 16.666666 ; 0.0 ; 4816.6675
552 ; 0.0 ; 0.0 ; 0.0 ; 4816.6675
553 ; 0.0 ; 0.0 ; 0.0 ; 4816.6675
554 ; 0.0 ; 16.666666 ; 0.0 ; 4833.334
555 ; 0.0 ; 0.0 ; 0.0 ; 4833.334
556 ; 0.0 ; 0.0 ; 0.0 ; 4833.334
557 ; 0.0 ; 0.0 ; 0.0 ; 4833.334
558 ; 0.0 ; 16.666666 ; 0.0 ; 4850.0005
559 ; 0.0 ; 0.0 ; 0.0 ; 4850.0005
560 ; 0.0 ; 16.666666 ; 0.0 ; 4866.667
561 ; 0.0 ; 0.0 ; 0.0 ; 4866.667
562 ; 0.0 ; 16.666666 ; 0.0 ; 4883.3335
563 ; 0.0 ; 0.0 ; 0.0 ; 4883.3335
564 ; 0.0 ; 0.0 ; 0.0 ; 4883.3335
565 ; 0.0 ; 0.0 ; 0.0 ; 4883.3335
566 ; 0.0 ; 0.0 ; 0.0 ; 4883.3335
567 ; 0.0 ; 16.666666 ; 0.0 ; 4900.0
568 ; 0.0 ; 16.666666 ; 0.0 ; 4916.6665
569 ; 0.0 ; 0.0 ; 0.0 ; 4916.6665
570 ; 0.0 ; 0.0 ; 0.0 ; 4916.6665
571 ; 0.0 ; 0.0 ; 0.0 ; 4916.6665
572 ; 0.0 ; 0.0 ; 0.0 ; 4916.6665
573 ; 0.0 ; 16.666666 ; 0.0 ; 4933.333
574 ; 0.0 ; 0.0 ; 0.0 ; 4933.333
575 ; 0.0 ; 16.666666 ; 0.0 ; 4949.9995
576 ; 0.0 ; 0.0 ; 0.0 ; 4949.9995
577 ; 0.0 ; 16.666666 ; 0.0 ; 4966.666
578 ; 0.0 ; 16.666666 ; 0.0 ; 4983.3325
579 ; 0.0 ; 0.0 ; 0.0 ; 4983.3325
580 ; 0.0 ; 0.0 ; 0.0 ; 4983.3325
581 ; 0.0 ; 0.0 ; 0.0 ; 4983.3325
582 ; 0.0 ; 16.666666 ; 0.0 ; 4999.999
583 ; 0.0 ; 0.0 ; 0.0 ; 4999.999
584 ; 0.0 ; 16.666666 ; 0.0 ; 5016.6655
585 ; 0.0 ; 16.666666 ; 0.0 ; 5033.332
586 ; 0.0 ; 16.666666 ; 0.0 ; 5049.9985
587 ; 0.0 ; 16.666666 ; 0.0 ; 5066.665
588 ; 0.0 ; 16.666666 ; 0.0 ; 5083.3315
589 ; 0.0 ; 16.666666 ; 0.0 ; 5099.998
590 ; 0.0 ; 16.666666 ; 0.0 ; 5116.6646
591 ; 0.0 ; 16.666666 ; 0.0 ; 5133.331
592 ; 0.0 ; 16.666666 ; 0.0 ; 5149.9976
593 ; 0.0 ; 16.666666 ; 0.0 ; 5166.664
594 ; 0.0 ; 0.0 ; 0.0 ; 5166.664
595 ; 0.0 ; 16.666666 ; 0.0 ; 5183.3306
596 ; 0.0 ; 0.0 ; 0.0 ; 5183.3306
597 ; 0.0 ; 16.666666 ; 0.0 ; 5199.997
598 ; 0.0 ; 16.666666 ; 0.0 ; 5216.6636
599 ; 0.0 ; 16.666666 ; 0.0 ; 5233.33
600 ; 0.0 ; 0.0 ; 0.0 ; 5233.33
601 ; 0.0 ; 16.666666 ; 0.0 ; 5249.9966
602 ; 0.0 ; 16.666666 ; 0.0 ; 5266.663
603 ; 0.0 ; 16.666666 ; 0.0 ; 5283.3296
604 ; 0.0 ; 0.0 ; 0.0 ; 5283.3296
605 ; 0.0 ; 16.666666 ; 0.0 ; 5299.996
606 ; 0.0 ; 16.666666 ; 0.0 ; 5316.6626
607 ; 0.0 ; 16.666666 ; 0.0 ; 5333.329
608 ; 0.0 ; 16.666666 ; 0.0 ; 5349.9956
609 ; 0.0 ; 16.666666 ; 0.0 ; 5366.662
610 ; 0.0 ; 16.666666 ; 0.0 ; 5383.3286
611 ; 0.0 ; 16.666666 ; 0.0 ; 5399.995
612 ; 0.0 ; 0.0 ; 0.0 ; 5399.995
613 ; 0.0 ; 0.0 ; 0.0 ; 5399.995
614 ; 0.0 ; 0.0 ; 0.0 ; 5399.995
615 ; 0.0 ; 0.0 ; 0.0 ; 5399.995
616 ; 0.0 ; 16.666666 ; 0.0 ; 5416.6616
617 ; 0.0 ; 16.666666 ; 0.0 ; 5433.328
618 ; 0.0 ; 0.0 ; 0.0 ; 5433.328
619 ; 0.0 ; 16.666666 ; 0.0 ; 5449.9946
620 ; 0.0 ; 0.0 ; 0.0 ; 5449.9946
621 ; 0.0 ; 0.0 ; 0.0 ; 5449.9946
622 ; 0.0 ; 16.666666 ; 0.0 ; 5466.661
623 ; 0.0 ; 0.0 ; 0.0 ; 5466.661
624 ; 0.0 ; 16.666666 ; 0.0 ; 5483.3276
625 ; 0.0 ; 16.666666 ; 0.0 ; 5499.994
626 ; 0.0 ; 16.666666 ; 0.0 ; 5516.6606
627 ; 0.0 ; 16.666666 ; 0.0 ; 5533.327
628 ; 0.0 ; 16.666666 ; 0.0 ; 5549.9937
629 ; 0.0 ; 16.666666 ; 0.0 ; 5566.66
630 ; 0.0 ; 16.666666 ; 0.0 ; 5583.3267
631 ; 0.0 ; 16.666666 ; 0.0 ; 5599.993
632 ; 0.0 ; 0.0 ; 0.0 ; 5599.993
633 ; 0.0 ; 16.666666 ; 0.0 ; 5616.6597
634 ; 0.0 ; 0.0 ; 0.0 ; 5616.6597
635 ; 0.0 ; 0.0 ; 0.0 ; 5616.6597
636 ; 0.0 ; 0.0 ; 0.0 ; 5616.6597
637 ; 0.0 ; 0.0 ; 0.0 ; 5616.6597
638 ; 0.0 ; 16.666666 ; 0.0 ; 5633.326
639 ; 0.0 ; 0.0 ; 0.0 ; 5633.326
640 ; 0.0 ; 16.666666 ; 0.0 ; 5649.9927
641 ; 0.0 ; 0.0 ; 0.0 ; 5649.9927
642 ; 0.0 ; 0.0 ; 0.0 ; 5649.9927
643 ; 0.0 ; 0.0 ; 0.0 ; 5649.9927
644 ; 0.0 ; 16.666666 ; 0.0 ; 5666.659
645 ; 0.0 ; 16.666666 ; 0.0 ; 5683.3257
646 ; 0.0 ; 0.0 ; 0.0 ; 5683.3257
647 ; 0.0 ; 0.0 ; 0.0 ; 5683.3257
648 ; 0.0 ; 0.0 ; 0.0 ; 5683.3257
649 ; 0.0 ; 16.666666 ; 0.0 ; 5699.992
650 ; 0.0 ; 16.666666 ; 0.0 ; 5716.6587
651 ; 0.0 ; 16.666666 ; 0.0 ; 5733.325
652 ; 0.0 ; 0.0 ; 0.0 ; 5733.325
653 ; 0.0 ; 0.0 ; 0.0 ; 5733.325
654 ; 0.0 ; 16.666666 ; 0.0 ; 5749.9917
655 ; 0.0 ; 16.666666 ; 0.0 ; 5766.658
656 ; 0.0 ; 16.666666 ; 0.0 ; 5783.3247
657 ; 0.0 ; 16.666666 ; 0.0 ; 5799.991
658 ; 0.0 ; 16.666666 ; 0.0 ; 5816.6577
659 ; 0.0 ; 0.0 ; 0.0 ; 5816.6577
660 ; 0.0 ; 16.666666 ; 0.0 ; 5833.324
661 ; 0.0 ; 0.0 ; 0.0 ; 5833.324
662 ; 0.0 ; 16.666666 ; 0.0 ; 5849.9907
663 ; 0.0 ; 16.666666 ; 0.0 ; 5866.657
664 ; 0.0 ; 16.666666 ; 0.0 ; 5883.3237
665 ; 0.0 ; 0.0 ; 0.0 ; 5883.3237
666 ; 0.0 ; 0.0 ; 0.0 ; 5883.3237
667 ; 0.0 ; 0.0 ; 0.0 ; 5883.3237
668 ; 0.0 ; 0.0 ; 0.0 ; 5883.3237
669 ; 0.0 ; 0.0 ; 0.0 ; 5883.3237
670 ; 0.0 ; 16.666666 ; 0.0 ; 5899.99
671 ; 0.0 ; 16.666666 ; 0.0 ; 5916.6567
672 ; 0.0 ; 0.0 ; 0.0 ; 5916.6567
673 ; 0.0 ; 16.666666 ; 0.0 ; 5933.323
674 ; 0.0 ; 0.0 ; 0.0 ; 5933.323
675 ; 0.0 ; 16.666666 ; 0.0 ; 5949.9897
676 ; 0.0 ; 16.666666 ; 0.0 ; 5966.6562
677 ; 0.0 ; 16.666666 ; 0.0 ; 5983.3228
678 ; 0.0 ; 16.666666 ; 0.0 ; 5999.9893
679 ; 0.0 ; 16.666666 ; 0.0 ; 6016.656
680 ; 0.0 ; 16.666666 ; 0.0 ; 6033.3223
681 ; 0.0 ; 0.0 ; 0.0 ; 6033.3223
682 ; 0.0 ; 16.666666 ; 0.0 ; 6049.989
683 ; 0.0 ; 0.0 ; 0.0 ; 6049.989
684 ; 0.0 ; 0.0 ; 0.0 ; 6049.989
685 ; 0.0 ; 0.0 ; 0.0 ; 6049.989
686 ; 0.0 ; 0.0 ; 0.0 ; 6049.989
687 ; 0.0 ; 0.0 ; 0.0 ; 6049.989
688 ; 0.0 ; 16.666666 ; 0.0 ; 6066.6553
689 ; 0.0 ; 16.666666 ; 0.0 ; 6083.322
690 ; 0.0 ; 16.666666 ; 0.0 ; 6099.9883
691 ; 0.0 ; 16.666666 ; 0.0 ; 6116.655
692 ; 0.0 ; 0.0 ; 0.0 ; 6116.655
693 ; 0.0 ; 16.666666 ; 0.0 ; 6133.3213
694 ; 0.0 ; 16.666666 ; 0.0 ; 6149.988
695 ; 0.0 ; 16.666666 ; 0.0 ; 6166.6543
696 ; 0.0 ; 16.666666 ; 0.0 ; 6183.321
697 ; 0.0 ; 0.0 ; 0.0 ; 6183.321
698 ; 0.0 ; 0.0 ; 0.0 ; 6183.321
699 ; 0.0 ; 0.0 ; 0.0 ; 6183.321
700 ; 0.0 ; 0.0 ; 0.0 ; 6183.321
701 ; 0.0 ; 16.666666 ; 0.0 ; 6199.9873
702 ; 0.0 ; 16.666666 ; 0.0 ; 6216.654
703 ; 0.0 ; 16.666666 ; 0.0 ; 6233.3203
704 ; 0.0 ; 0.0 ; 0.0 ; 6233.3203
705 ; 0.0 ; 0.0 ; 0.0 ; 6233.3203
706 ; 0.0 ; 0.0 ; 0.0 ; 6233.3203
707 ; 0.0 ; 16.666666 ; 0.0 ; 6249.987
708 ; 0.0 ; 0.0 ; 0.0 ; 6249.987
709 ; 0.0 ; 16.666666 ; 0.0 ; 6266.6533
710 ; 0.0 ; 16.666666 ; 0.0 ; 6283.32
711 ; 0.0 ; 0.0 ; 0.0 ; 6283.32
712 ; 0.0 ; 16.666666 ; 0.0 ; 6299.9863
713 ; 0.0 ; 0.0 ; 0.0 ; 6299.9863
714 ; 0.0 ; 16.666666 ; 0.0 ; 6316.653
715 ; 0.0 ; 0.0 ; 0.0 ; 6316.653
716 ; 0.0 ; 0.0 ; 0.0 ; 6316.653
717 ; 0.0 ; 0.0 ; 0.0 ; 6316.653
718 ; 0.0 ; 16.666666 ; 0.0 ; 6333.3193
719 ; 0.0 ; 0.0 ; 0.0 ; 6333.3193
720 ; 0.0 ; 16.666666 ; 0.0 ; 6349.986
721 ; 0.0 ; 16.666666 ; 0.0 ; 6366.6523
722 ; 0.0 ; 16.666666 ; 0.0 ; 6383.319
723 ; 0.0 ; 16.666666 ; 0.0 ; 6399.9854
724 ; 0.0 ; 16.666666 ; 0.0 ; 6416.652
725 ; 0.0 ; 16.666666 ; 0.0 ; 6433.3184
726 ; 0.0 ; 0.0 ; 0.0 ; 6433.3184
727 ; 0.0 ; 0.0 ; 0.0 ; 6433.3184
728 ; 0.0 ; 0.0 ; 0.0 ; 6433.3184
729 ; 0.0 ; 16.666666 ; 0.0 ; 6449.985
730 ; 0.0 ; 16.666666 ; 0.0 ; 6466.6514
731 ; 0.0 ; 16.666666 ; 0.0 ; 6483.318
732 ; 0.0 ; 16.666666 ; 0.0 ; 6499.9844
733 ; 0.0 ; 16.666666 ; 0.0 ; 6516.651
734 ; 0.0 ; 0.0 ; 0.0 ; 6516.651
735 ; 0.0 ; 16.666666 ; 0.0 ; 6533.3174
736 ; 0.0 ; 16.666666 ; 0.0 ; 6549.984
737 ; 0.0 ; 16.666666 ; 0.0 ; 6566.6504
738 ; 0.0 ; 16.666666 ; 0.0 ; 6583.317
739 ; 0.0 ; 0.0 ; 0.0 ; 6583.317
740 ; 0.0 ; 0.0 ; 0.0 ; 6583.317
741 ; 0.0 ; 16.666666 ; 0.0 ; 6599.9834
742 ; 0.0 ; 0.0 ; 0.0 ; 6599.9834
743 ; 0.0 ; 16.666666 ; 0.0 ; 6616.65
744 ; 0.0 ; 16.666666 ; 0.0 ; 6633.3164
745 ; 0.0 ; 16.666666 ; 0.0 ; 6649.983
746 ; 0.0 ; 0.0 ; 0.0 ; 6649.983
747 ; 0.0 ; 0.0 ; 0.0 ; 6649.983
748 ; 0.0 ; 0.0 ; 0.0 ; 6649.983
749 ; 0.0 ; 0.0 ; 0.0 ; 6649.983
750 ; 0.0 ; 0.0 ; 0.0 ; 6649.983
751 ; 0.0 ; 16.666666 ; 0.0 ; 6666.6494
752 ; 0.0 ; 0.0 ; 0.0 ; 6666.6494
753 ; 0.0 ; 16.666666 ; 0.0 ; 6683.316
754 ; 0.0 ; 16.666666 ; 0.0 ; 6699.9824
755 ; 0.0 ; 16.666666 ; 0.0 ; 6716.649
756 ; 0.0 ; 0.0 ; 0.0 ; 6716.649
757 ; 0.0 ; 0.0 ; 0.0 ; 6716.649
758 ; 0.0 ; 16.666666 ; 0.0 ; 6733.3154
759 ; 0.0 ; 16.666666 ; 0.0 ; 6749.982
760 ; 0.0 ; 0.0 ; 0.0 ; 6749.982
761 ; 0.0 ; 0.0 ; 0.0 ; 6749.982
762 ; 0.0 ; 16.666666 ; 0.0 ; 6766.6484
763 ; 0.0 ; 0.0 ; 0.0 ; 6766.6484
764 ; 0.0 ; 0.0 ; 0.0 ; 6766.6484
765 ; 0.0 ; 0.0 ; 0.0 ; 6766.6484
766 ; 0.0 ; 0.0 ; 0.0 ; 6766.6484
767 ; 0.0 ; 16.666666 ; 0.0 ; 6783.315
768 ; 0.0 ; 0.0 ; 0.0 ; 6783.315
769 ; 0.0 ; 0.0 ; 0.0 ; 6783.315
770 ; 0.0 ; 0.0 ; 0.0 ; 6783.315
771 ; 0.0 ; 16.666666 ; 0.0 ; 6799.9814
772 ; 0.0 ; 0.0 ; 0.0 ; 6799.9814
773 ; 0.0 ; 0.0 ; 0.0 ; 6799.9814
774 ; 0.0 ; 16.666666 ; 0.0 ; 6816.648
775 ; 0.0 ; 0.0 ; 0.0 ; 6816.648
776 ; 0.0 ; 16.666666 ; 0.0 ; 6833.3145
777 ; 0.0 ; 0.0 ; 0.0 ; 6833.3145
778 ; 0.0 ; 0.0 ; 0.0 ; 6833.3145
779 ; 0.0 ; 0.0 ; 0.0 ; 6833.3145
780 ; 0.0 ; 16.666666 ; 0.0 ; 6849.981
781 ; 0.0 ; 0.0 ; 0.0 ; 6849.981
782 ; 0.0 ; 16.666666 ; 0.0 ; 6866.6475
783 ; 0.0 ; 0.0 ; 0.0 ; 6866.6475
784 ; 0.0 ; 16.666666 ; 0.0 ; 6883.314
785 ; 0.0 ; 0.0 ; 0.0 ; 6883.314
786 ; 0.0 ; 16.666666 ; 0.0 ; 6899.9805
787 ; 0.0 ; 16.666666 ; 0.0 ; 6916.647
788 ; 0.0 ; 0.0 ; 0.0 ; 6916.647
789 ; 0.0 ; 16.666666 ; 0.0 ; 6933.3135
790 ; 0.0 ; 0.0 ; 0.0 ; 6933.3135
791 ; 0.0 ; 16.666666 ; 0.0 ; 6949.98
792 ; 0.0 ; 0.0 ; 0.0 ; 6949.98
793 ; 0.0 ; 0.0 ; 0.0 ; 6949.98
794 ; 0.0 ; 0.0 ; 0.0 ; 6949.98
795 ; 0.0 ; 0.0 ; 0.0 ; 6949.98
796 ; 0.0 ; 16.666666 ; 0.0 ; 6966.6465
797 ; 0.0 ; 16.666666 ; 0.0 ; 6983.313
798 ; 0.0 ; 16.666666 ; 0.0 ; 6999.9795
799 ; 0.0 ; 16.666666 ; 0.0 ; 7016.646
800 ; 0.0 ; 0.0 ; 0.0 ; 7016.646
801 ; 0.0 ; 0.0 ; 0.0 ; 7016.646
802 ; 0.0 ; 0.0 ; 0.0 ; 7016.646
803 ; 0.0 ; 0.0 ; 0.0 ; 7016.646
804 ; 0.0 ; 0.0 ; 0.0 ; 7016.646
805 ; 0.0 ; 0.0 ; 0.0 ; 7016.646
806 ; 0.0 ; 16.666666 ; 0.0 ; 7033.3125
807 ; 0.0 ; 16.666666 ; 0.0 ; 7049.979
808 ; 0.0 ; 0.0 ; 0.0 ; 7049.979
809 ; 0.0 ; 0.0 ; 0.0 ; 7049.979
810 ; 0.0 ; 0.0 ; 0.0 ; 7049.979
811 ; 0.0 ; 0.0 ; 0.0 ; 7049.979
812 ; 0.0 ; 0.0 ; 0.0 ; 7049.979
813 ; 0.0 ; 16.666666 ; 0.0 ; 7066.6455
814 ; 0.0 ; 16.666666 ; 0.0 ; 7083.312
815 ; 0.0 ; 0.0 ; 0.0 ; 7083.312
816 ; 0.0 ; 0.0 ; 0.0 ; 7083.312
817 ; 0.0 ; 0.0 ; 0.0 ; 7083.312
818 ; 0.0 ; 0.0 ; 0.0 ; 7083.312
819 ; 0.0 ; 16.666666 ; 0.0 ; 7099.9785
820 ; 0.0 ; 0.0 ; 0.0 ; 7099.9785
821 ; 0.0 ; 16.666666 ; 0.0 ; 7116.645
822 ; 0.0 ; 16.666666 ; 0.0 ; 7133.3115
823 ; 0.0 ; 16.666666 ; 0.0 ; 7149.978
824 ; 0.0 ; 16.666666 ; 0.0 ; 7166.6445
825 ; 0.0 ; 0.0 ; 0.0 ; 7166.6445
826 ; 0.0 ; 16.666666 ; 0.0 ; 7183.311
827 ; 0.0 ; 16.666666 ; 0.0 ; 7199.9775
828 ; 0.0 ; 0.0 ; 0.0 ; 7199.9775
829 ; 0.0 ; 16.666666 ; 0.0 ; 7216.644
830 ; 0.0 ; 16.666666 ; 0.0 ; 7233.3105
831 ; 0.0 ; 16.666666 ; 0.0 ; 7249.977
832 ; 0.0 ; 16.666666 ; 0.0 ; 7266.6436
833 ; 0.0 ; 0.0 ; 0.0 ; 7266.6436
834 ; 0.0 ; 0.0 ; 0.0 ; 7266.6436
835 ; 0.0 ; 16.666666 ; 0.0 ; 7283.31
836 ; 0.0 ; 0.0 ; 0.0 ; 7283.31
837 ; 0.0 ; 16.666666 ; 0.0 ; 7299.9766
838 ; 0.0 ; 0.0 ; 0.0 ; 7299.9766
839 ; 0.0 ; 0.0 ; 0.0 ; 7299.9766
840 ; 0.0 ; 16.666666 ; 0.0 ; 7316.643
841 ; 0.0 ; 0.0 ; 0.0 ; 7316.643
842 ; 0.0 ; 0.0 ; 0.0 ; 7316.643
843 ; 0.0 ; 0.0 ; 0.0 ; 7316.643
844 ; 0.0 ; 0.0 ; 0.0 ; 7316.643
845 ; 0.0 ; 16.666666 ; 0.0 ; 7333.3096
846 ; 0.0 ; 16.666666 ; 0.0 ; 7349.976
847 ; 0.0 ; 16.666666 ; 0.0 ; 7366.6426
848 ; 0.0 ; 16.666666 ; 0.0 ; 7383.309
849 ; 0.0 ; 0.0 ; 0.0 ; 7383.309
850 ; 0.0 ; 0.0 ; 0.0 ; 7383.309
851 ; 0.0 ; 16.666666 ; 0.0 ; 7399.9756
852 ; 0.0 ; 0.0 ; 0.0 ; 7399.9756
853 ; 0.0 ; 0.0 ; 0.0 ; 7399.9756
854 ; 0.0 ; 0.0 ; 0.0 ; 7399.9756
855 ; 0.0 ; 0.0 ; 0.0 ; 7399.9756
856 ; 0.0 ; 0.0 ; 0.0 ; 7399.9756
857 ; 0.0 ; 0.0 ; 0.0 ; 7399.9756
858 ; 0.0 ; 16.666666 ; 0.0 ; 7416.642
859 ; 0.0 ; 16.666666 ; 0.0 ; 7433.3086
860 ; 0.0 ; 0.0 ; 0.0 ; 7433.3086
861 ; 0.0 ; 16.666666 ; 0.0 ; 7449.975
862 ; 0.0 ; 0.0 ; 0.0 ; 7449.975
863 ; 0.0 ; 16.666666 ; 0.0 ; 7466.6416
864 ; 0.0 ; 16.666666 ; 0.0 ; 7483.308
865 ; 0.0 ; 0.0 ; 0.0 ; 7483.308
866 ; 0.0 ; 0.0 ; 0.0 ; 7483.308
867 ; 0.0 ; 16.666666 ; 0.0 ; 7499.9746
868 ; 0.0 ; 16.666666 ; 0.0 ; 7516.641
869 ; 0.0 ; 0.0 ; 0.0 ; 7516.641
870 ; 0.0 ; 16.666666 ; 0.0 ; 7533.3076
871 ; 0.0 ; 16.666666 ; 0.0 ; 7549.974
872 ; 0.0 ; 16.666666 ; 0.0 ; 7566.6406
873 ; 0.0 ; 0.0 ; 0.0 ; 7566.6406
874 ; 0.0 ; 0.0 ; 0.0 ; 7566.6406
875 ; 0.0 ; 16.666666 ; 0.0 ; 7583.307
876 ; 0.0 ; 16.666666 ; 0.0 ; 7599.9736
877 ; 0.0 ; 16.666666 ; 0.0 ; 7616.64
878 ; 0.0 ; 16.666666 ; 0.0 ; 7633.3066
879 ; 0.0 ; 16.666666 ; 0.0 ; 7649.973
880 ; 0.0 ; 16.666666 ; 0.0 ; 7666.6396
881 ; 0.0 ; 16.666666 ; 0.0 ; 7683.306
882 ; 0.0 ; 0.0 ; 0.0 ; 7683.306
883 ; 0.0 ; 0.0 ; 0.0 ; 7683.306
884 ; 0.0 ; 0.0 ; 0.0 ; 7683.306
885 ; 0.0 ; 16.666666 ; 0.0 ; 7699.9727
886 ; 0.0 ; 0.0 ; 0.0 ; 7699.9727
887 ; 0.0 ; 0.0 ; 0.0 ; 7699.9727
888 ; 0.0 ; 0.0 ; 0.0 ; 7699.9727
889 ; 0.0 ; 0.0 ; 0.0 ; 7699.9727
890 ; 0.0 ; 0.0 ; 0.0 ; 7699.9727
891 ; 0.0 ; 0.0 ; 0.0 ; 7699.9727
892 ; 0.0 ; 0.0 ; 0.0 ; 7699.9727
893 ; 0.0 ; 0.0 ; 0.0 ; 7699.9727
894 ; 0.0 ; 16.666666 ; 0.0 ; 7716.639
895 ; 0.0 ; 0.0 ; 0.0 ; 7716.639
896 ; 0.0 ; 0.0 ; 0.0 ; 7716.639
897 ; 0.0 ; 0.0 ; 0.0 ; 7716.639
898 ; 0.0 ; 16.666666 ; 0.0 ; 7733.3057
899 ; 0.0 ; 16.666666 ; 0.0 ; 7749.972
900 ; 0.0 ; 0.0 ; 0.0 ; 7749.972
901 ; 0.0 ; 16.666666 ; 0.0 ; 7766.6387
902 ; 0.0 ; 16.666666 ; 0.0 ; 7783.305
903 ; 0.0 ; 0.0 ; 0.0 ; 7783.305
904 ; 0.0 ; 16.666666 ; 0.0 ; 7799.9717
905 ; 0.0 ; 16.666666 ; 0.0 ; 7816.638
906 ; 0.0 ; 16.666666 ; 0.0 ; 7833.3047
907 ; 0.0 ; 16.666666 ; 0.0 ; 7849.971
908 ; 0.0 ; 0.0 ; 0.0 ; 7849.971
909 ; 0.0 ; 0.0 ; 0.0 ; 7849.971
910 ; 0.0 ; 0.0 ; 0.0 ; 7849.971
911 ; 0.0 ; 0.0 ; 0.0 ; 7849.971
912 ; 0.0 ; 16.666666 ; 0.0 ; 7866.6377
913 ; 0.0 ; 16.666666 ; 0.0 ; 7883.304
914 ; 0.0 ; 0.0 ; 0.0 ; 7883.304
915 ; 0.0 ; 0.0 ; 0.0 ; 7883.304
916 ; 0.0 ; 0.0 ; 0.0 ; 7883.304
917 ; 0.0 ; 16.666666 ; 0.0 ; 7899.9707
918 ; 0.0 ; 16.666666 ; 0.0 ; 7916.637
919 ; 0.0 ; 16.666666 ; 0.0 ; 7933.3037
920 ; 0.0 ; 16.666666 ; 0.0 ; 7949.97
921 ; 0.0 ; 16.666666 ; 0.0 ; 7966.6367
922 ; 0.0 ; 16.666666 ; 0.0 ; 7983.303
923 ; 0.0 ; 16.666666 ; 0.0 ; 7999.9697
924 ; 0.0 ; 16.666666 ; 0.0 ; 8016.636
925 ; 0.0 ; 0.0 ; 0.0 ; 8016.636
926 ; 0.0 ; 0.0 ; 0.0 ; 8016.636
927 ; 0.0 ; 0.0 ; 0.0 ; 8016.636
928 ; 0.0 ; 0.0 ; 0.0 ; 8016.636
929 ; 0.0 ; 0.0 ; 0.0 ; 8016.636
930 ; 0.0 ; 0.0 ; 0.0 ; 8016.636
931 ; 0.0 ; 0.0 ; 0.0 ; 8016.636
932 ; 0.0 ; 16.666666 ; 0.0 ; 8033.3027
933 ; 0.0 ; 0.0 ; 0.0 ; 8033.3027
934 ; 0.0 ; 16.666666 ; 0.0 ; 8049.969
935 ; 0.0 ; 16.666666 ; 0.0 ; 8066.6357
936 ; 0.0 ; 0.0 ; 0.0 ; 8066.6357
937 ; 0.0 ; 0.0 ; 0.0 ; 8066.6357
938 ; 0.0 ; 16.666666 ; 0.0 ; 8083.3022
939 ; 0.0 ; 0.0 ; 0.0 ; 8083.3022
940 ; 0.0 ; 16.666666 ; 0.0 ; 8099.9688
941 ; 0.0 ; 0.0 ; 0.0 ; 8099.9688
942 ; 0.0 ; 16.666666 ; 0.0 ; 8116.6353
943 ; 0.0 ; 0.0 ; 0.0 ; 8116.6353
944 ; 0.0 ; 0.0 ; 0.0 ; 8116.6353
945 ; 0.0 ; 0.0 ; 0.0 ; 8116.6353
946 ; 0.0 ; 0.0 ; 0.0 ; 8116.6353
947 ; 0.0 ; 16.666666 ; 0.0 ; 8133.302
948 ; 0.0 ; 16.666666 ; 0.0 ; 8149.9683
949 ; 0.0 ; 16.666666 ; 0.0 ; 8166.635
950 ; 0.0 ; 16.666666 ; 0.0 ; 8183.3013
951 ; 0.0 ; 16.666666 ; 0.0 ; 8199.968
952 ; 0.0 ; 16.666666 ; 0.0 ; 8216.635
953 ; 0.0 ; 16.666666 ; 0.0 ; 8233.302
954 ; 0.0 ; 0.0 ; 0.0 ; 8233.302
955 ; 0.0 ; 16.666666 ; 0.0 ; 8249.969
956 ; 0.0 ; 0.0 ; 0.0 ; 8249.969
957 ; 0.0 ; 0.0 ; 0.0 ; 8249.969
958 ; 0.0 ; 16.666666 ; 0.0 ; 8266.636
959 ; 0.0 ; 16.666666 ; 0.0 ; 8283.303
960 ; 0.0 ; 0.0 ; 0.0 ; 8283.303
961 ; 0.0 ; 16.666666 ; 0.0 ; 8299.97
962 ; 0.0 ; 0.0 ; 0.0 ; 8299.97
963 ; 0.0 ; 0.0 ; 0.0 ; 8299.97
964 ; 0.0 ; 16.666666 ; 0.0 ; 8316.637
965 ; 0.0 ; 16.666666 ; 0.0 ; 8333.304
966 ; 0.0 ; 0.0 ; 0.0 ; 8333.304
967 ; 0.0 ; 0.0 ; 0.0 ; 8333.304
968 ; 0.0 ; 16.666666 ; 0.0 ; 8349.971
969 ; 0.0 ; 16.666666 ; 0.0 ; 8366.638
970 ; 0.0 ; 16.666666 ; 0.0 ; 8383.305
971 ; 0.0 ; 0.0 ; 0.0 ; 8383.305
972 ; 0.0 ; 16.666666 ; 0.0 ; 8399.972
973 ; 0.0 ; 0.0 ; 0.0 ; 8399.972
974 ; 0.0 ; 0.0 ; 0.0 ; 8399.972
975 ; 0.0 ; 0.0 ; 0.0 ; 8399.972
976 ; 0.0 ; 16.666666 ; 0.0 ; 8416.639
977 ; 0.0 ; 0.0 ; 0.0 ; 8416.639
978 ; 0.0 ; 0.0 ; 0.0 ; 8416.639
979 ; 0.0 ; 0.0 ; 0.0 ; 8416.639
980 ; 0.0 ; 16.666666 ; 0.0 ; 8433.306
981 ; 0.0 ; 0.0 ; 0.0 ; 8433.306
982 ; 0.0 ; 0.0 ; 0.0 ; 8433.306
983 ; 0.0 ; 16.666666 ; 0.0 ; 8449.973
984 ; 0.0 ; 0.0 ; 0.0 ; 8449.973
985 ; 0.0 ; 0.0 ; 0.0 ; 8449.973
986 ; 0.0 ; 16.666666 ; 0.0 ; 8466.64
987 ; 0.0 ; 16.666666 ; 0.0 ; 8483.307
988 ; 0.0 ; 0.0 ; 0.0 ; 8483.307
989 ; 0.0 ; 0.0 ; 0.0 ; 8483.307
990 ; 0.0 ; 0.0 ; 0.0 ; 8483.307
991 ; 0.0 ; 16.666666 ; 0.0 ; 8499.974
992 ; 0.0 ; 0.0 ; 0.0 ; 8499.974
993 ; 0.0 ; 0.0 ; 0.0 ; 8499.974
994 ; 0.0 ; 0.0 ; 0.0 ; 8499.974
995 ; 0.0 ; 16.666666 ; 0.0 ; 8516.641
996 ; 0.0 ; 16.666666 ; 0.0 ; 8533.308
997 ; 0.0 ; 0.0 ; 0.0 ; 8533.308
998 ; 0.0 ; 0.0 ; 0.0 ; 8533.308
999 ; 0.0 ; 16.666666 ; 0.0 ; 8549.975
1000 ; 0.0 ; 0.0 ; 0.0 ; 8549.975
1001 ; 0.0 ; 16.666666 ; 0.0 ; 8566.642
1002 ; 0.0 ; 16.666666 ; 0.0 ; 8583.309
1003 ; 0.0 ; 0.0 ; 0.0 ; 8583.309
1004 ; 0.0 ; 16.666666 ; 0.0 ; 8599.976
1005 ; 0.0 ; 0.0 ; 0.0 ; 8599.976
1006 ; 0.0 ; 0.0 ; 0.0 ; 8599.976
1007 ; 0.0 ; 0.0 ; 0.0 ; 8599.976
1008 ; 0.0 ; 16.666666 ; 0.0 ; 8616.643
1009 ; 0.0 ; 0.0 ; 0.0 ; 8616.643
1010 ; 0.0 ; 16.666666 ; 0.0 ; 8633.31
1011 ; 0.0 ; 0.0 ; 0.0 ; 8633.31
1012 ; 0.0 ; 16.666666 ; 0.0 ; 8649.977
1013 ; 0.0 ; 16.666666 ; 0.0 ; 8666.644
1014 ; 0.0 ; 16.666666 ; 0.0 ; 8683.311
1015 ; 0.0 ; 16.666666 ; 0.0 ; 8699.978
1016 ; 0.0 ; 0.0 ; 0.0 ; 8699.978
1017 ; 0.0 ; 0.0 ; 0.0 ; 8699.978
1018 ; 0.0 ; 0.0 ; 0.0 ; 8699.978
1019 ; 0.0 ; 16.666666 ; 0.0 ; 8716.645
1020 ; 0.0 ; 16.666666 ; 0.0 ; 8733.312
1021 ; 0.0 ; 0.0 ; 0.0 ; 8733.312
1022 ; 0.0 ; 16.666666 ; 0.0 ; 8749.979
1023 ; 0.0 ; 0.0 ; 0.0 ; 8749.979
1024 ; 0.0 ; 16.666666 ; 0.0 ; 8766.6455
1025 ; 0.0 ; 0.0 ; 0.0 ; 8766.6455
1026 ; 0.0 ; 16.666666 ; 0.0 ; 8783.3125
1027 ; 0.0 ; 16.666666 ; 0.0 ; 8799.9795
1028 ; 0.0 ; 0.0 ; 0.0 ; 8799.9795
1029 ; 0.0 ; 0.0 ; 0.0 ; 8799.9795
1030 ; 0.0 ; 0.0 ; 0.0 ; 8799.9795
1031 ; 0.0 ; 16.666666 ; 0.0 ; 8816.646
1032 ; 0.0 ; 0.0 ; 0.0 ; 8816.646
1033 ; 0.0 ; 0.0 ; 0.0 ; 8816.646
1034 ; 0.0 ; 0.0 ; 0.0 ; 8816.646
1035 ; 0.0 ; 0.0 ; 0.0 ; 8816.646
1036 ; 0.0 ; 0.0 ; 0.0 ; 8816.646
1037 ; 0.0 ; 0.0 ; 0.0 ; 8816.646
1038 ; 0.0 ; 0.0 ; 0.0 ; 8816.646
1039 ; 0.0 ; 0.0 ; 0.0 ; 8816.646
1040 ; 0.0 ; 0.0 ; 0.0 ; 8816.646
1041 ; 0.0 ; 0.0 ; 0.0 ; 8816.646
1042 ; 0.0 ; 16.666666 ; 0.0 ; 8833.313
1043 ; 0.0 ; 16.666666 ; 0.0 ; 8849.98
1044 ; 0.0 ; 16.666666 ; 0.0 ; 8866.647
1045 ; 0.0 ; 0.0 ; 0.0 ; 8866.647
1046 ; 0.0 ; 16.666666 ; 0.0 ; 8883.314
1047 ; 0.0 ; 0.0 ; 0.0 ; 8883.314
1048 ; 0.0 ; 16.666666 ; 0.0 ; 8899.981
1049 ; 0.0 ; 0.0 ; 0.0 ; 8899.981
1050 ; 0.0 ; 16.666666 ; 0.0 ; 8916.648
1051 ; 0.0 ; 16.666666 ; 0.0 ; 8933.315
1052 ; 0.0 ; 16.666666 ; 0.0 ; 8949.982
1053 ; 0.0 ; 16.666666 ; 0.0 ; 8966.649
1054 ; 0.0 ; 16.666666 ; 0.0 ; 8983.316
1055 ; 0.0 ; 16.666666 ; 0.0 ; 8999.983
1056 ; 0.0 ; 0.0 ; 0.0 ; 8999.983
1057 ; 0.0 ; 0.0 ; 0.0 ; 8999.983
1058 ; 0.0 ; 16.666666 ; 0.0 ; 9016.65
1059 ; 0.0 ; 16.666666 ; 0.0 ; 9033.317
1060 ; 0.0 ; 16.666666 ; 0.0 ; 9049.984
1061 ; 0.0 ; 0.0 ; 0.0 ; 9049.984
1062 ; 0.0 ; 16.666666 ; 0.0 ; 9066.651
1063 ; 0.0 ; 0.0 ; 0.0 ; 9066.651
1064 ; 0.0 ; 16.666666 ; 0.0 ; 9083.318
1065 ; 0.0 ; 0.0 ; 0.0 ; 9083.318
1066 ; 0.0 ; 0.0 ; 0.0 ; 9083.318
1067 ; 0.0 ; 0.0 ; 0.0 ; 9083.318
1068 ; 0.0 ; 16.666666 ; 0.0 ; 9099.985
1069 ; 0.0 ; 16.666666 ; 0.0 ; 9116.652
1070 ; 0.0 ; 0.0 ; 0.0 ; 9116.652
1071 ; 0.0 ; 16.666666 ; 0.0 ; 9133.319
1072 ; 0.0 ; 16.666666 ; 0.0 ; 9149.986
1073 ; 0.0 ; 16.666666 ; 0.0 ; 9166.653
1074 ; 0.0 ; 0.0 ; 0.0 ; 9166.653
1075 ; 0.0 ; 16.666666 ; 0.0 ; 9183.32
1076 ; 0.0 ; 0.0 ; 0.0 ; 9183.32
1077 ; 0.0 ; 0.0 ; 0.0 ; 9183.32
1078 ; 0.0 ; 16.666666 ; 0.0 ; 9199.987
1079 ; 0.0 ; 0.0 ; 0.0 ; 9199.987
1080 ; 0.0 ; 0.0 ; 0.0 ; 9199.987
1081 ; 0.0 ; 16.666666 ; 0.0 ; 9216.654
1082 ; 0.0 ; 16.666666 ; 0.0 ; 9233.321
1083 ; 0.0 ; 16.666666 ; 0.0 ; 9249.988
1084 ; 0.0 ; 16.666666 ; 0.0 ; 9266.655
1085 ; 0.0 ; 0.0 ; 0.0 ; 9266.655
1086 ; 0.0 ; 0.0 ; 0.0 ; 9266.655
1087 ; 0.0 ; 0.0 ; 0.0 ; 9266.655
1088 ; 0.0 ; 16.666666 ; 0.0 ; 9283.322
1089 ; 0.0 ; 0.0 ; 0.0 ; 9283.322
1090 ; 0.0 ; 0.0 ; 0.0 ; 9283.322
1091 ; 0.0 ; 16.666666 ; 0.0 ; 9299.989
1092 ; 0.0 ; 0.0 ; 0.0 ; 9299.989
1093 ; 0.0 ; 0.0 ; 0.0 ; 9299.989
1094 ; 0.0 ; 16.666666 ; 0.0 ; 9316.656
1095 ; 0.0 ; 0.0 ; 0.0 ; 9316.656
1096 ; 0.0 ; 0.0 ; 0.0 ; 9316.656
1097 ; 0.0 ; 0.0 ; 0.0 ; 9316.656
1098 ; 0.0 ; 16.666666 ; 0.0 ; 9333.323
1099 ; 0.0 ; 0.0 ; 0.0 ; 9333.323
1100 ; 0.0 ; 16.666666 ; 0.0 ; 9349.99
1101 ; 0.0 ; 16.666666 ; 0.0 ; 9366.657
1102 ; 0.0 ; 0.0 ; 0.0 ; 9366.657
1103 ; 0.0 ; 0.0 ; 0.0 ; 9366.657
1104 ; 0.0 ; 16.666666 ; 0.0 ; 9383.324
1105 ; 0.0 ; 16.666666 ; 0.0 ; 9399.991
1106 ; 0.0 ; 0.0 ; 0.0 ; 9399.991
1107 ; 0.0 ; 16.666666 ; 0.0 ; 9416.658
1108 ; 0.0 ; 0.0 ; 0.0 ; 9416.658
1109 ; 0.0 ; 16.666666 ; 0.0 ; 9433.325
1110 ; 0.0 ; 0.0 ; 0.0 ; 9433.325
1111 ; 0.0 ; 16.666666 ; 0.0 ; 9449.992
1112 ; 0.0 ; 0.0 ; 0.0 ; 9449.992
1113 ; 0.0 ; 16.666666 ; 0.0 ; 9466.659
1114 ; 0.0 ; 0.0 ; 0.0 ; 9466.659
1115 ; 0.0 ; 16.666666 ; 0.0 ; 9483.326
1116 ; 0.0 ; 16.666666 ; 0.0 ; 9499.993
1117 ; 0.0 ; 0.0 ; 0.0 ; 9499.993
1118 ; 0.0 ; 16.666666 ; 0.0 ; 9516.66
1119 ; 0.0 ; 0.0 ; 0.0 ; 9516.66
1120 ; 0.0 ; 0.0 ; 0.0 ; 9516.66
1121 ; 0.0 ; 16.666666 ; 0.0 ; 9533.327
1122 ; 0.0 ; 16.666666 ; 0.0 ; 9549.994
1123 ; 0.0 ; 16.666666 ; 0.0 ; 9566.661
1124 ; 0.0 ; 0.0 ; 0.0 ; 9566.661
1125 ; 0.0 ; 0.0 ; 0.0 ; 9566.661
1126 ; 0.0 ; 16.666666 ; 0.0 ; 9583.328
1127 ; 0.0 ; 0.0 ; 0.0 ; 9583.328
1128 ; 0.0 ; 0.0 ; 0.0 ; 9583.328
1129 ; 0.0 ; 0.0 ; 0.0 ; 9583.328
1130 ; 0.0 ; 16.666666 ; 0.0 ; 9599.995
1131 ; 0.0 ; 0.0 ; 0.0 ; 9599.995
1132 ; 0.0 ; 16.666666 ; 0.0 ; 9616.662
1133 ; 0.0 ; 16.666666 ; 0.0 ; 9633.329
1134 ; 0.0 ; 0.0 ; 0.0 ; 9633.329
1135 ; 0.0 ; 0.0 ; 0.0 ; 9633.329
1136 ; 0.0 ; 0.0 ; 0.0 ; 9633.329
1137 ; 0.0 ; 0.0 ; 0.0 ; 9633.329
1138 ; 0.0 ; 0.0 ; 0.0 ; 9633.329
1139 ; 0.0 ; 16.666666 ; 0.0 ; 9649.996
1140 ; 0.0 ; 0.0 ; 0.0 ; 9649.996
1141 ; 0.0 ; 0.0 ; 0.0 ; 9649.996
1142 ; 0.0 ; 16.666666 ; 0.0 ; 9666.663
1143 ; 0.0 ; 16.666666 ; 0.0 ; 9683.33
1144 ; 0.0 ; 0.0 ; 0.0 ; 9683.33
1145 ; 0.0 ; 0.0 ; 0.0 ; 9683.33
1146 ; 0.0 ; 0.0 ; 0.0 ; 9683.33
1147 ; 0.0 ; 16.666666 ; 0.0 ; 9699.997
1148 ; 0.0 ; 16.666666 ; 0.0 ; 9716.664
1149 ; 0.0 ; 16.666666 ; 0.0 ; 9733.331
1150 ; 0.0 ; 0.0 ; 0.0 ; 9733.331
1151 ; 0.0 ; 16.666666 ; 0.0 ; 9749.998
1152 ; 0.0 ; 16.666666 ; 0.0 ; 9766.665
1153 ; 0.0 ; 0.0 ; 0.0 ; 9766.665
1154 ; 0.0 ; 0.0 ; 0.0 ; 9766.665
1155 ; 0.0 ; 16.666666 ; 0.0 ; 9783.332
1156 ; 0.0 ; 0.0 ; 0.0 ; 9783.332
1157 ; 0.0 ; 0.0 ; 0.0 ; 9783.332
1158 ; 0.0 ; 16.666666 ; 0.0 ; 9799.999
1159 ; 0.0 ; 0.0 ; 0.0 ; 9799.999
1160 ; 0.0 ; 16.666666 ; 0.0 ; 9816.666
1161 ; 0.0 ; 0.0 ; 0.0 ; 9816.666
1162 ; 0.0 ; 0.0 ; 0.0 ; 9816.666
1163 ; 0.0 ; 16.666666 ; 0.0 ; 9833.333
1164 ; 0.0 ; 16.666666 ; 0.0 ; 9850.0
1165 ; 0.0 ; 0.0 ; 0.0 ; 9850.0
1166 ; 0.0 ; 16.666666 ; 0.0 ; 9866.667
1167 ; 0.0 ; 16.666666 ; 0.0 ; 9883.334
1168 ; 0.0 ; 16.666666 ; 0.0 ; 9900.001
1169 ; 0.0 ; 16.666666 ; 0.0 ; 9916.668
1170 ; 0.0 ; 0.0 ; 0.0 ; 9916.668
1171 ; 0.0 ; 0.0 ; 0.0 ; 9916.668
1172 ; 0.0 ; 16.666666 ; 0.0 ; 9933.335
1173 ; 0.0 ; 16.666666 ; 0.0 ; 9950.002
1174 ; 0.0 ; 0.0 ; 0.0 ; 9950.002
1175 ; 0.0 ; 16.666666 ; 0.0 ; 9966.669
1176 ; 0.0 ; 16.666666 ; 0.0 ; 9983.336
1177 ; 0.0 ; 0.0 ; 0.0 ; 9983.336
1178 ; 0.0 ; 0.0 ; 0.0 ; 9983.336
1179 ; 0.0 ; 0.0 ; 0.0 ; 9983.336
1180 ; 0.0 ; 0.0 ; 0.0 ; 9983.336
1181 ; 0.0 ; 0.0 ; 0.0 ; 9983.336
1182 ; 0.0 ; 0.0 ; 0.0 ; 9983.336
1183 ; 0.0 ; 0.0 ; 0.0 ; 9983.336
1184 ; 0.0 ; 0.0 ; 0.0 ; 9983.336
1185 ; 0.0 ; 0.0 ; 0.0 ; 9983.336
1186 ; 0.0 ; 16.666666 ; 0.0 ; 10000.003
1187 ; 0.0 ; 0.0 ; 0.0 ; 10000.003
1188 ; 0.0 ; 16.666666 ; 0.0 ; 10016.67
1189 ; 0.0 ; 0.0 ; 0.0 ; 10016.67
1190 ; 0.0 ; 0.0 ; 0.0 ; 10016.67
1191 ; 0.0 ; 0.0 ; 0.0 ; 10016.67
1192 ; 0.0 ; 0.0 ; 0.0 ; 10016.67
1193 ; 0.0 ; 0.0 ; 0.0 ; 10016.67
1194 ; 0.0 ; 16.666666 ; 0.0 ; 10033.337
1195 ; 0.0 ; 16.666666 ; 0.0 ; 10050.004
1196 ; 0.0 ; 16.666666 ; 0.0 ; 10066.671
1197 ; 0.0 ; 16.666666 ; 0.0 ; 10083.338
1198 ; 0.0 ; 16.666666 ; 0.0 ; 10100.005
1199 ; 0.0 ; 16.666666 ; 0.0 ; 10116.672
1200 ; 0.0 ; 0.0 ; 0.0 ; 10116.672
1201 ; 0.0 ; 16.666666 ; 0.0 ; 10133.339
1202 ; 0.0 ; 0.0 ; 0.0 ; 10133.339
1203 ; 0.0 ; 16.666666 ; 0.0 ; 10150.006
1204 ; 0.0 ; 16.666666 ; 0.0 ; 10166.673
1205 ; 0.0 ; 0.0 ; 0.0 ; 10166.673
1206 ; 0.0 ; 0.0 ; 0.0 ; 10166.673
1207 ; 0.0 ; 16.666666 ; 0.0 ; 10183.34
1208 ; 0.0 ; 0.0 ; 0.0 ; 10183.34
1209 ; 0.0 ; 16.666666 ; 0.0 ; 10200.007
1210 ; 0.0 ; 0.0 ; 0.0 ; 10200.007
1211 ; 0.0 ; 16.666666 ; 0.0 ; 10216.674
1212 ; 0.0 ; 0.0 ; 0.0 ; 10216.674
1213 ; 0.0 ; 16.666666 ; 0.0 ; 10233.341
1214 ; 0.0 ; 16.666666 ; 0.0 ; 10250.008
1215 ; 0.0 ; 16.666666 ; 0.0 ; 10266.675
1216 ; 0.0 ; 0.0 ; 0.0 ; 10266.675
1217 ; 0.0 ; 16.666666 ; 0.0 ; 10283.342
1218 ; 0.0 ; 16.666666 ; 0.0 ; 10300.009
1219 ; 0.0 ; 0.0 ; 0.0 ; 10300.009
1220 ; 0.0 ; 16.666666 ; 0.0 ; 10316.676
1221 ; 0.0 ; 16.666666 ; 0.0 ; 10333.343
1222 ; 0.0 ; 16.666666 ; 0.0 ; 10350.01
1223 ; 0.0 ; 0.0 ; 0.0 ; 10350.01
1224 ; 0.0 ; 0.0 ; 0.0 ; 10350.01
1225 ; 0.0 ; 0.0 ; 0.0 ; 10350.01
1226 ; 0.0 ; 0.0 ; 0.0 ; 10350.01
1227 ; 0.0 ; 16.666666 ; 0.0 ; 10366.677
1228 ; 0.0 ; 16.666666 ; 0.0 ; 10383.344
1229 ; 0.0 ; 0.0 ; 0.0 ; 10383.344
1230 ; 0.0 ; 16.666666 ; 0.0 ; 10400.011
1231 ; 0.0 ; 0.0 ; 0.0 ; 10400.011
1232 ; 0.0 ; 0.0 ; 0.0 ; 10400.011
1233 ; 0.0 ; 16.666666 ; 0.0 ; 10416.678
1234 ; 0.0 ; 16.666666 ; 0.0 ; 10433.345
1235 ; 0.0 ; 0.0 ; 0.0 ; 10433.345
1236 ; 0.0 ; 16.666666 ; 0.0 ; 10450.012
1237 ; 0.0 ; 16.666666 ; 0.0 ; 10466.679
1238 ; 0.0 ; 0.0 ; 0.0 ; 10466.679
1239 ; 0.0 ; 0.0 ; 0.0 ; 10466.679
1240 ; 0.0 ; 16.666666 ; 0.0 ; 10483.346
1241 ; 0.0 ; 16.666666 ; 0.0 ; 10500.013
1242 ; 0.0 ; 16.666666 ; 0.0 ; 10516.68
1243 ; 0.0 ; 0.0 ; 0.0 ; 10516.68
1244 ; 0.0 ; 16.666666 ; 0.0 ; 10533.347
1245 ; 0.0 ; 16.666666 ; 0.0 ; 10550.014
1246 ; 0.0 ; 16.666666 ; 0.0 ; 10566.681
1247 ; 0.0 ; 0.0 ; 0.0 ; 10566.681
1248 ; 0.0 ; 16.666666 ; 0.0 ; 10583.348
1249 ; 0.0 ; 0.0 ; 0.0 ; 10583.348
1250 ; 0.0 ; 16.666666 ; 0.0 ; 10600.015
1251 ; 0.0 ; 0.0 ; 0.0 ; 10600.015
1252 ; 0.0 ; 16.666666 ; 0.0 ; 10616.682
1253 ; 0.0 ; 0.0 ; 0.0 ; 10616.682
1254 ; 0.0 ; 0.0 ; 0.0 ; 10616.682
1255 ; 0.0 ; 0.0 ; 0.0 ; 10616.682
1256 ; 0.0 ; 0.0 ; 0.0 ; 10616.682
1257 ; 0.0 ; 16.666666 ; 0.0 ; 10633.349
1258 ; 0.0 ; 16.666666 ; 0.0 ; 10650.016
1259 ; 0.0 ; 0.0 ; 0.0 ; 10650.016
1260 ; 0.0 ; 16.666666 ; 0.0 ; 10666.683
1261 ; 0.0 ; 0.0 ; 0.0 ; 10666.683
1262 ; 0.0 ; 0.0 ; 0.0 ; 10666.683
1263 ; 0.0 ; 0.0 ; 0.0 ; 10666.683
1264 ; 0.0 ; 16.666666 ; 0.0 ; 10683.35
1265 ; 0.0 ; 16.666666 ; 0.0 ; 10700.017
1266 ; 0.0 ; 16.666666 ; 0.0 ; 10716.684
1267 ; 0.0 ; 0.0 ; 0.0 ; 10716.684
1268 ; 0.0 ; 16.666666 ; 0.0 ; 10733.351
1269 ; 0.0 ; 16.666666 ; 0.0 ; 10750.018
1270 ; 0.0 ; 16.666666 ; 0.0 ; 10766.685
1271 ; 0.0 ; 0.0 ; 0.0 ; 10766.685
1272 ; 0.0 ; 0.0 ; 0.0 ; 10766.685
1273 ; 0.0 ; 0.0 ; 0.0 ; 10766.685
1274 ; 0.0 ; 16.666666 ; 0.0 ; 10783.352
1275 ; 0.0 ; 0.0 ; 0.0 ; 10783.352
1276 ; 0.0 ; 16.666666 ; 0.0 ; 10800.019
1277 ; 0.0 ; 16.666666 ; 0.0 ; 10816.686
1278 ; 0.0 ; 0.0 ; 0.0 ; 10816.686
1279 ; 0.0 ; 16.666666 ; 0.0 ; 10833.353
1280 ; 0.0 ; 16.666666 ; 0.0 ; 10850.02
1281 ; 0.0 ; 0.0 ; 0.0 ; 10850.02
1282 ; 0.0 ; 0.0 ; 0.0 ; 10850.02
1283 ; 0.0 ; 0.0 ; 0.0 ; 10850.02
1284 ; 0.0 ; 0.0 ; 0.0 ; 10850.02
1285 ; 0.0 ; 16.666666 ; 0.0 ; 10866.687
1286 ; 0.0 ; 0.0 ; 0.0 ; 10866.687
1287 ; 0.0 ; 16.666666 ; 0.0 ; 10883.354
1288 ; 0.0 ; 16.666666 ; 0.0 ; 10900.0205
1289 ; 0.0 ; 0.0 ; 0.0 ; 10900.0205
1290 ; 0.0 ; 0.0 ; 0.0 ; 10900.0205
1291 ; 0.0 ; 16.666666 ; 0.0 ; 10916.6875
1292 ; 0.0 ; 0.0 ; 0.0 ; 10916.6875
1293 ; 0.0 ; 0.0 ; 0.0 ; 10916.6875
1294 ; 0.0 ; 16.666666 ; 0.0 ; 10933.3545
1295 ; 0.0 ; 16.666666 ; 0.0 ; 10950.021
1296 ; 0.0 ; 16.666666 ; 0.0 ; 10966.688
1297 ; 0.0 ; 16.666666 ; 0.0 ; 10983.355
1298 ; 0.0 ; 0.0 ; 0.0 ; 10983.355
1299 ; 0.0 ; 0.0 ; 0.0 ; 10983.355
1300 ; 0.0 ; 16.666666 ; 0.0 ; 11000.022
1301 ; 0.0 ; 16.666666 ; 0.0 ; 11016.689
1302 ; 0.0 ; 16.666666 ; 0.0 ; 11033.356
1303 ; 0.0 ; 16.666666 ; 0.0 ; 11050.023
1304 ; 0.0 ; 16.666666 ; 0.0 ; 11066.69
1305 ; 0.0 ; 16.666666 ; 0.0 ; 11083.357
1306 ; 0.0 ; 0.0 ; 0.0 ; 11083.357
1307 ; 0.0 ; 16.666666 ; 0.0 ; 11100.024
1308 ; 0.0 ; 16.666666 ; 0.0 ; 11116.691
1309 ; 0.0 ; 0.0 ; 0.0 ; 11116.691
1310 ; 0.0 ; 16.666666 ; 0.0 ; 11133.358
1311 ; 0.0 ; 0.0 ; 0.0 ; 11133.358
1312 ; 0.0 ; 16.666666 ; 0.0 ; 11150.025
1313 ; 0.0 ; 16.666666 ; 0.0 ; 11166.692
1314 ; 0.0 ; 0.0 ; 0.0 ; 11166.692
1315 ; 0.0 ; 16.666666 ; 0.0 ; 11183.359
1316 ; 0.0 ; 16.666666 ; 0.0 ; 11200.026
1317 ; 0.0 ; 0.0 ; 0.0 ; 11200.026
1318 ; 0.0 ; 0.0 ; 0.0 ; 11200.026
1319 ; 0.0 ; 0.0 ; 0.0 ; 11200.026
1320 ; 0.0 ; 0.0 ; 0.0 ; 11200.026
1321 ; 0.0 ; 0.0 ; 0.0 ; 11200.026
1322 ; 0.0 ; 0.0 ; 0.0 ; 11200.026
1323 ; 0.0 ; 0.0 ; 0.0 ; 11200.026
1324 ; 0.0 ; 0.0 ; 0.0 ; 11200.026
1325 ; 0.0 ; 0.0 ; 0.0 ; 11200.026
1326 ; 0.0 ; 16.666666 ; 0.0 ; 11216.693
1327 ; 0.0 ; 16.666666 ; 0.0 ; 11233.36
1328 ; 0.0 ; 0.0 ; 0.0 ; 11233.36
1329 ; 0.0 ; 0.0 ; 0.0 ; 11233.36
1330 ; 0.0 ; 16.666666 ; 0.0 ; 11250.027
1331 ; 0.0 ; 0.0 ; 0.0 ; 11250.027
1332 ; 0.0 ; 0.0 ; 0.0 ; 11250.027
1333 ; 0.0 ; 16.666666 ; 0.0 ; 11266.694
1334 ; 0.0 ; 0.0 ; 0.0 ; 11266.694
1335 ; 0.0 ; 0.0 ; 0.0 ; 11266.694
1336 ; 0.0 ; 16.666666 ; 0.0 ; 11283.361
1337 ; 0.0 ; 16.666666 ; 0.0 ; 11300.028
1338 ; 0.0 ; 0.0 ; 0.0 ; 11300.028
1339 ; 0.0 ; 0.0 ; 0.0 ; 11300.028
1340 ; 0.0 ; 16.666666 ; 0.0 ; 11316.695
1341 ; 0.0 ; 16.666666 ; 0.0 ; 11333.362
1342 ; 0.0 ; 0.0 ; 0.0 ; 11333.362
1343 ; 0.0 ; 0.0 ; 0.0 ; 11333.362
1344 ; 0.0 ; 0.0 ; 0.0 ; 11333.362
1345 ; 0.0 ; 0.0 ; 0.0 ; 11333.362
1346 ; 0.0 ; 0.0 ; 0.0 ; 11333.362
1347 ; 0.0 ; 16.666666 ; 0.0 ; 11350.029
1348 ; 0.0 ; 0.0 ; 0.0 ; 11350.029
1349 ; 0.0 ; 16.666666 ; 0.0 ; 11366.696
1350 ; 0.0 ; 16.666666 ; 0.0 ; 11383.363
1351 ; 0.0 ; 16.666666 ; 0.0 ; 11400.03
1352 ; 0.0 ; 0.0 ; 0.0 ; 11400.03
1353 ; 0.0 ; 16.666666 ; 0.0 ; 11416.697
1354 ; 0.0 ; 0.0 ; 0.0 ; 11416.697
1355 ; 0.0 ; 0.0 ; 0.0 ; 11416.697
1356 ; 0.0 ; 16.666666 ; 0.0 ; 11433.364
1357 ; 0.0 ; 16.666666 ; 0.0 ; 11450.031
1358 ; 0.0 ; 16.666666 ; 0.0 ; 11466.698
1359 ; 0.0 ; 16.666666 ; 0.0 ; 11483.365
1360 ; 0.0 ; 0.0 ; 0.0 ; 11483.365
1361 ; 0.0 ; 16.666666 ; 0.0 ; 11500.032
1362 ; 0.0 ; 16.666666 ; 0.0 ; 11516.699
1363 ; 0.0 ; 16.666666 ; 0.0 ; 11533.366
1364 ; 0.0 ; 16.666666 ; 0.0 ; 11550.033
1365 ; 0.0 ; 16.666666 ; 0.0 ; 11566.7
1366 ; 0.0 ; 16.666666 ; 0.0 ; 11583.367
1367 ; 0.0 ; 16.666666 ; 0.0 ; 11600.034
1368 ; 0.0 ; 0.0 ; 0.0 ; 11600.034
1369 ; 0.0 ; 0.0 ; 0.0 ; 11600.034
1370 ; 0.0 ; 0.0 ; 0.0 ; 11600.034
1371 ; 0.0 ; 16.666666 ; 0.0 ; 11616.701
1372 ; 0.0 ; 16.666666 ; 0.0 ; 11633.368
1373 ; 0.0 ; 0.0 ; 0.0 ; 11633.368
1374 ; 0.0 ; 0.0 ; 0.0 ; 11633.368
1375 ; 0.0 ; 16.666666 ; 0.0 ; 11650.035
1376 ; 0.0 ; 16.666666 ; 0.0 ; 11666.702
1377 ; 0.0 ; 16.666666 ; 0.0 ; 11683.369
1378 ; 0.0 ; 16.666666 ; 0.0 ; 11700.036
1379 ; 0.0 ; 16.666666 ; 0.0 ; 11716.703
1380 ; 0.0 ; 16.666666 ; 0.0 ; 11733.37
1381 ; 0.0 ; 0.0 ; 0.0 ; 11733.37
1382 ; 0.0 ; 16.666666 ; 0.0 ; 11750.037
1383 ; 0.0 ; 0.0 ; 0.0 ; 11750.037
1384 ; 0.0 ; 0.0 ; 0.0 ; 11750.037
1385 ; 0.0 ; 0.0 ; 0.0 ; 11750.037
1386 ; 0.0 ; 0.0 ; 0.0 ; 11750.037
1387 ; 0.0 ; 16.666666 ; 0.0 ; 11766.704
1388 ; 0.0 ; 16.666666 ; 0.0 ; 11783.371
1389 ; 0.0 ; 16.666666 ; 0.0 ; 11800.038
1390 ; 0.0 ; 0.0 ; 0.0 ; 11800.038
1391 ; 0.0 ; 0.0 ; 0.0 ; 11800.038
1392 ; 0.0 ; 16.666666 ; 0.0 ; 11816.705
1393 ; 0.0 ; 0.0 ; 0.0 ; 11816.705
1394 ; 0.0 ; 0.0 ; 0.0 ; 11816.705
1395 ; 0.0 ; 16.666666 ; 0.0 ; 11833.372
1396 ; 0.0 ; 16.666666 ; 0.0 ; 11850.039
1397 ; 0.0 ; 16.666666 ; 0.0 ; 11866.706
1398 ; 0.0 ; 16.666666 ; 0.0 ; 11883.373
1399 ; 0.0 ; 0.0 ; 0.0 ; 11883.373
1400 ; 0.0 ; 16.666666 ; 0.0 ; 11900.04
1401 ; 0.0 ; 0.0 ; 0.0 ; 11900.04
1402 ; 0.0 ; 0.0 ; 0.0 ; 11900.04
1403 ; 0.0 ; 16.666666 ; 0.0 ; 11916.707
1404 ; 0.0 ; 16.666666 ; 0.0 ; 11933.374
1405 ; 0.0 ; 16.666666 ; 0.0 ; 11950.041
1406 ; 0.0 ; 16.666666 ; 0.0 ; 11966.708
1407 ; 0.0 ; 0.0 ; 0.0 ; 11966.708
1408 ; 0.0 ; 16.666666 ; 0.0 ; 11983.375
1409 ; 0.0 ; 16.666666 ; 0.0 ; 12000.042
1410 ; 0.0 ; 0.0 ; 0.0 ; 12000.042
1411 ; 0.0 ; 16.666666 ; 0.0 ; 12016.709
1412 ; 0.0 ; 16.666666 ; 0.0 ; 12033.376
1413 ; 0.0 ; 0.0 ; 0.0 ; 12033.376
1414 ; 0.0 ; 0.0 ; 0.0 ; 12033.376
1415 ; 0.0 ; 16.666666 ; 0.0 ; 12050.043
1416 ; 0.0 ; 0.0 ; 0.0 ; 12050.043
1417 ; 0.0 ; 16.666666 ; 0.0 ; 12066.71
1418 ; 0.0 ; 16.666666 ; 0.0 ; 12083.377
1419 ; 0.0 ; 0.0 ; 0.0 ; 12083.377
1420 ; 0.0 ; 16.666666 ; 0.0 ; 12100.044
1421 ; 0.0 ; 16.666666 ; 0.0 ; 12116.711
1422 ; 0.0 ; 16.666666 ; 0.0 ; 12133.378
1423 ; 0.0 ; 16.666666 ; 0.0 ; 12150.045
1424 ; 0.0 ; 16.666666 ; 0.0 ; 12166.712
1425 ; 0.0 ; 16.666666 ; 0.0 ; 12183.379
1426 ; 0.0 ; 0.0 ; 0.0 ; 12183.379
1427 ; 0.0 ; 16.666666 ; 0.0 ; 12200.046
1428 ; 0.0 ; 0.0 ; 0.0 ; 12200.046
1429 ; 0.0 ; 16.666666 ; 0.0 ; 12216.713
1430 ; 0.0 ; 0.0 ; 0.0 ; 12216.713
1431 ; 0.0 ; 0.0 ; 0.0 ; 12216.713
1432 ; 0.0 ; 0.0 ; 0.0 ; 12216.713
1433 ; 0.0 ; 16.666666 ; 0.0 ; 12233.38
1434 ; 0.0 ; 16.666666 ; 0.0 ; 12250.047
1435 ; 0.0 ; 0.0 ; 0.0 ; 12250.047
1436 ; 0.0 ; 16.666666 ; 0.0 ; 12266.714
1437 ; 0.0 ; 0.0 ; 0.0 ; 12266.714
1438 ; 0.0 ; 0.0 ; 0.0 ; 12266.714
1439 ; 0.0 ; 16.666666 ; 0.0 ; 12283.381
