0 ; 0.0033333334 ; 0.0 ; 0.0033333334 ; 0.0
1 ; 0.0033333334 ; 0.0 ; 0.006666667 ; 0.0
2 ; 0.0033333334 ; 0.0 ; 0.01 ; 0.0
3 ; 0.0033333334 ; 0.0 ; 0.013333334 ; 0.0
4 ; 0.0033333334 ; 0.0 ; 0.016666668 ; 0.0
5 ; 0.0033333334 ; 0.0 ; 0.020000001 ; 0.0
6 ; 0.0033333334 ; 0.0 ; 0.023333335 ; 0.0
7 ; 0.0033333334 ; 0.0 ; 0.02666667 ; 0.0
8 ; 0.0033333334 ; 0.0 ; 0.030000003 ; 0.0
9 ; 0.0033333334 ; 0.0 ; 0.033333335 ; 0.0
10 ; 0.0033333334 ; 0.0 ; 0.03666667 ; 0.0
11 ; 0.0033333334 ; 0.0 ; 0.040000003 ; 0.0
12 ; 0.0033333334 ; 0.0 ; 0.043333337 ; 0.0
13 ; 0.0033333334 ; 0.0 ; 0.04666667 ; 0.0
14 ; 0.0033333334 ; 0.0 ; 0.050000004 ; 0.0
15 ; 0.0033333334 ; 0.0 ; 0.05333334 ; 0.0
16 ; 0.0033333334 ; 0.0 ; 0.056666672 ; 0.0
17 ; 0.0033333334 ; 0.0 ; 0.060000006 ; 0.0
18 ; 0.0033333334 ; 0.0 ; 0.06333334 ; 0.0
19 ; 0.0033333334 ; 0.0 ; 0.06666667 ; 0.0
20 ; 0.0033333334 ; 0.0 ; 0.07 ; 0.0
21 ; 0.0033333334 ; 0.0 ; 0.07333333 ; 0.0
22 ; 0.0033333334 ; 0.0 ; 0.07666666 ; 0.0
23 ; 0.0033333334 ; 0.0 ; 0.07999999 ; 0.0
24 ; 0.0033333334 ; 0.0 ; 0.08333332 ; 0.0
25 ; 0.0033333334 ; 0.0 ; 0.08666665 ; 0.0
26 ; 0.0033333334 ; 0.0 ; 0.08999998 ; 0.0
27 ; 0.0033333334 ; 0.0 ; 0.09333331 ; 0.0
28 ; 0.0033333334 ; 0.0 ; 0.09666664 ; 0.0
29 ; 0.0033333334 ; 0.0 ; 0.09999997 ; 0.0
30 ; 0.0033333334 ; 0.0 ; 0.1033333 ; 0.0
31 ; 0.0033333334 ; 0.0 ; 0.10666663 ; 0.0
32 ; 0.0033333334 ; 0.0 ; 0.10999996 ; 0.0
33 ; 0.0033333334 ; 0.0 ; 0.11333329 ; 0.0
34 ; 0.0033333334 ; 0.0 ; 0.11666662 ; 0.0
35 ; 0.0033333334 ; 0.0 ; 0.11999995 ; 0.0
36 ; 0.0033333334 ; 0.0 ; 0.12333328 ; 0.0
37 ; 0.0033333334 ; 0.0 ; 0.12666662 ; 0.0
38 ; 0.0033333334 ; 0.0 ; 0.12999995 ; 0.0
39 ; 0.0033333334 ; 0.0 ; 0.13333328 ; 0.0
40 ; 0.0033333334 ; 0.0 ; 0.13666661 ; 0.0
41 ; 0.0033333334 ; 0.0 ; 0.13999994 ; 0.0
42 ; 0.0033333334 ; 0.0 ; 0.14333327 ; 0.0
43 ; 0.0033333334 ; 0.0 ; 0.1466666 ; 0.0
44 ; 0.0033333334 ; 0.0 ; 0.14999993 ; 0.0
45 ; 0.0033333334 ; 0.0 ; 0.15333326 ; 0.0
46 ; 0.0033333334 ; 0.0 ; 0.15666659 ; 0.0
47 ; 0.0033333334 ; 0.0 ; 0.15999992 ; 0.0
48 ; 0.0033333334 ; 0.0 ; 0.16333325 ; 0.0
49 ; 0.0033333334 ; 0.0 ; 0.16666658 ; 0.0
50 ; 0.0033333334 ; 0.0 ; 0.16999991 ; 0.0
51 ; 0.0033333334 ; 0.0 ; 0.17333324 ; 0.0
52 ; 0.0033333334 ; 0.0 ; 0.17666657 ; 0.0
53 ; 0.0033333334 ; 0.0 ; 0.1799999 ; 0.0
54 ; 0.0033333334 ; 0.0 ; 0.18333323 ; 0.0
55 ; 0.0033333334 ; 0.0 ; 0.18666656 ; 0.0
56 ; 0.0033333334 ; 0.0 ; 0.1899999 ; 0.0
57 ; 0.0033333334 ; 0.0 ; 0.19333322 ; 0.0
58 ; 0.0033333334 ; 0.0 ; 0.19666655 ; 0.0
59 ; 0.0033333334 ; 0.0 ; 0.19999988 ; 0.0
60 ; 0.0033333334 ; 0.0 ; 0.20333321 ; 0.0
61 ; 0.0033333334 ; 0.0 ; 0.20666654 ; 0.0
62 ; 0.0033333334 ; 0.0 ; 0.20999987 ; 0.0
63 ; 0.0033333334 ; 0.0 ; 0.2133332 ; 0.0
64 ; 0.0033333334 ; 0.0 ; 0.21666653 ; 0.0
65 ; 0.0033333334 ; 0.0 ; 0.21999986 ; 0.0
66 ; 0.0033333334 ; 0.0 ; 0.2233332 ; 0.0
67 ; 0.0033333334 ; 0.0 ; 0.22666653 ; 0.0
68 ; 0.0033333334 ; 0.0 ; 0.22999986 ; 0.0
69 ; 0.0033333334 ; 0.0 ; 0.23333319 ; 0.0
70 ; 0.0033333334 ; 0.0 ; 0.23666652 ; 0.0
71 ; 0.0033333334 ; 0.0 ; 0.23999985 ; 0.0
72 ; 0.0033333334 ; 0.0 ; 0.24333318 ; 0.0
73 ; 0.0033333334 ; 0.0 ; 0.2466665 ; 0.0
74 ; 0.0033333334 ; 0.0 ; 0.24999984 ; 0.0
75 ; 0.0033333334 ; 0.0 ; 0.25333318 ; 0.0
76 ; 0.0033333334 ; 0.0 ; 0.2566665 ; 0.0
77 ; 0.0033333334 ; 0.0 ; 0.25999984 ; 0.0
78 ; 0.0033333334 ; 0.0 ; 0.26333317 ; 0.0
79 ; 0.0033333334 ; 0.0 ; 0.2666665 ; 0.0
80 ; 0.0033333334 ; 0.0 ; 0.26999983 ; 0.0
81 ; 0.0033333334 ; 0.0 ; 0.27333316 ; 0.0
82 ; 0.0033333334 ; 0.0 ; 0.2766665 ; 0.0
83 ; 0.0033333334 ; 0.0 ; 0.27999982 ; 0.0
84 ; 0.0033333334 ; 0.0 ; 0.28333315 ; 0.0
85 ; 0.0033333334 ; 0.0 ; 0.28666648 ; 0.0
86 ; 0.0033333334 ; 0.0 ; 0.2899998 ; 0.0
87 ; 0.0033333334 ; 0.0 ; 0.29333314 ; 0.0
88 ; 0.0033333334 ; 0.0 ; 0.29666647 ; 0.0
89 ; 0.0033333334 ; 0.0 ; 0.2999998 ; 0.0
90 ; 0.0033333334 ; 0.0 ; 0.30333313 ; 0.0
91 ; 0.0033333334 ; 0.0 ; 0.30666646 ; 0.0
92 ; 0.0033333334 ; 0.0 ; 0.3099998 ; 0.0
93 ; 0.0033333334 ; 0.0 ; 0.31333312 ; 0.0
94 ; 0.0033333334 ; 0.0 ; 0.31666645 ; 0.0
95 ; 0.0033333334 ; 0.0 ; 0.31999978 ; 0.0
96 ; 0.0033333334 ; 0.0 ; 0.3233331 ; 0.0
97 ; 0.0033333334 ; 0.0 ; 0.32666644 ; 0.0
98 ; 0.0033333334 ; 0.0 ; 0.32999977 ; 0.0
99 ; 0.0033333334 ; 0.0 ; 0.3333331 ; 0.0
100 ; 0.0033333334 ; 0.0 ; 0.33666644 ; 0.0
101 ; 0.0033333334 ; 0.0 ; 0.33999977 ; 0.0
102 ; 0.0033333334 ; 0.0 ; 0.3433331 ; 0.0
103 ; 0.0033333334 ; 0.0 ; 0.34666643 ; 0.0
104 ; 0.0033333334 ; 0.0 ; 0.34999976 ; 0.0
105 ; 0.0033333334 ; 0.0 ; 0.3533331 ; 0.0
106 ; 0.0033333334 ; 0.0 ; 0.35666642 ; 0.0
107 ; 0.0033333334 ; 0.0 ; 0.35999975 ; 0.0
108 ; 0.0033333334 ; 0.0 ; 0.36333308 ; 0.0
109 ; 0.0033333334 ; 0.0 ; 0.3666664 ; 0.0
110 ; 0.0033333334 ; 0.0 ; 0.36999974 ; 0.0
111 ; 0.0033333334 ; 0.0 ; 0.37333307 ; 0.0
112 ; 0.0033333334 ; 0.0 ; 0.3766664 ; 0.0
113 ; 0.0033333334 ; 0.0 ; 0.37999973 ; 0.0
114 ; 0.0033333334 ; 0.0 ; 0.38333306 ; 0.0
115 ; 0.0033333334 ; 0.0 ; 0.3866664 ; 0.0
116 ; 0.0033333334 ; 0.0 ; 0.38999972 ; 0.0
117 ; 0.0033333334 ; 0.0 ; 0.39333305 ; 0.0
118 ; 0.0033333334 ; 0.0 ; 0.39666638 ; 0.0
119 ; 0.0033333334 ; 0.0 ; 0.3999997 ; 0.0
120 ; 0.0033333334 ; 0.0 ; 0.40333304 ; 0.0
121 ; 0.0033333334 ; 0.0 ; 0.40666637 ; 0.0
122 ; 0.0033333334 ; 0.0 ; 0.4099997 ; 0.0
123 ; 0.0033333334 ; 0.0 ; 0.41333303 ; 0.0
124 ; 0.0033333334 ; 0.0 ; 0.41666636 ; 0.0
125 ; 0.0033333334 ; 0.0 ; 0.4199997 ; 0.0
126 ; 0.0033333334 ; 0.0 ; 0.42333302 ; 0.0
127 ; 0.0033333334 ; 0.0 ; 0.42666635 ; 0.0
128 ; 0.0033333334 ; 0.0 ; 0.42999968 ; 0.0
129 ; 0.0033333334 ; 0.0 ; 0.433333 ; 0.0
130 ; 0.0033333334 ; 0.0 ; 0.43666634 ; 0.0
131 ; 0.0033333334 ; 0.0 ; 0.43999967 ; 0.0
132 ; 0.0033333334 ; 0.0 ; 0.443333 ; 0.0
133 ; 0.0033333334 ; 0.0 ; 0.44666633 ; 0.0
134 ; 0.0033333334 ; 0.0 ; 0.44999966 ; 0.0
135 ; 0.0033333334 ; 0.0 ; 0.453333 ; 0.0
136 ; 0.0033333334 ; 0.0 ; 0.45666632 ; 0.0
137 ; 0.0033333334 ; 0.0 ; 0.45999965 ; 0.0
138 ; 0.0033333334 ; 0.0 ; 0.46333298 ; 0.0
139 ; 0.0033333334 ; 0.0 ; 0.4666663 ; 0.0
140 ; 0.0033333334 ; 0.0 ; 0.46999964 ; 0.0
141 ; 0.0033333334 ; 0.0 ; 0.47333297 ; 0.0
142 ; 0.0033333334 ; 0.0 ; 0.4766663 ; 0.0
143 ; 0.0033333334 ; 0.0 ; 0.47999963 ; 0.0
144 ; 0.0033333334 ; 0.0 ; 0.48333296 ; 0.0
145 ; 0.0033333334 ; 0.0 ; 0.4866663 ; 0.0
146 ; 0.0033333334 ; 0.0 ; 0.48999962 ; 0.0
147 ; 0.0033333334 ; 0.0 ; 0.49333295 ; 0.0
148 ; 0.0033333334 ; 0.0 ; 0.49666628 ; 0.0
149 ; 0.0033333334 ; 0.0 ; 0.4999996 ; 0.0
150 ; 0.0033333334 ; 0.0 ; 0.503333 ; 0.0
151 ; 0.0033333334 ; 0.0 ; 0.5066663 ; 0.0
152 ; 0.0033333334 ; 0.0 ; 0.50999963 ; 0.0
153 ; 0.0033333334 ; 0.0 ; 0.51333296 ; 0.0
154 ; 0.0033333334 ; 0.0 ; 0.5166663 ; 0.0
155 ; 0.0033333334 ; 0.0 ; 0.5199996 ; 0.0
156 ; 0.0033333334 ; 0.0 ; 0.52333295 ; 0.0
157 ; 0.0033333334 ; 0.0 ; 0.5266663 ; 0.0
158 ; 0.0033333334 ; 0.0 ; 0.5299996 ; 0.0
159 ; 0.0033333334 ; 0.0 ; 0.53333294 ; 0.0
160 ; 0.0033333334 ; 0.0 ; 0.5366663 ; 0.0
161 ; 0.0033333334 ; 0.0 ; 0.5399996 ; 0.0
162 ; 0.0033333334 ; 0.0 ; 0.54333293 ; 0.0
163 ; 0.0033333334 ; 0.0 ; 0.54666626 ; 0.0
164 ; 0.0033333334 ; 0.0 ; 0.5499996 ; 0.0
165 ; 0.0033333334 ; 0.0 ; 0.5533329 ; 0.0
166 ; 0.0033333334 ; 0.0 ; 0.55666625 ; 0.0
167 ; 0.0033333334 ; 0.0 ; 0.5599996 ; 0.0
168 ; 0.0033333334 ; 0.0 ; 0.5633329 ; 0.0
169 ; 0.0033333334 ; 0.0 ; 0.56666625 ; 0.0
170 ; 0.0033333334 ; 0.0 ; 0.5699996 ; 0.0
171 ; 0.0033333334 ; 0.0 ; 0.5733329 ; 0.0
172 ; 0.0033333334 ; 0.0 ; 0.57666624 ; 0.0
173 ; 0.0033333334 ; 0.0 ; 0.57999957 ; 0.0
174 ; 0.0033333334 ; 0.0 ; 0.5833329 ; 0.0
175 ; 0.0033333334 ; 0.0 ; 0.5866662 ; 0.0
176 ; 0.0033333334 ; 0.0 ; 0.58999956 ; 0.0
177 ; 0.0033333334 ; 0.0 ; 0.5933329 ; 0.0
178 ; 0.0033333334 ; 0.0 ; 0.5966662 ; 0.0
179 ; 0.0033333334 ; 0.0 ; 0.59999955 ; 0.0
180 ; 0.0033333334 ; 0.0 ; 0.6033329 ; 0.0
181 ; 0.0033333334 ; 0.0 ; 0.6066662 ; 0.0
182 ; 0.0033333334 ; 0.0 ; 0.60999954 ; 0.0
183 ; 0.0033333334 ; 0.0 ; 0.61333287 ; 0.0
184 ; 0.0033333334 ; 0.0 ; 0.6166662 ; 0.0
185 ; 0.0033333334 ; 0.0 ; 0.6199995 ; 0.0
186 ; 0.0033333334 ; 0.0 ; 0.62333286 ; 0.0
187 ; 0.0033333334 ; 0.0 ; 0.6266662 ; 0.0
188 ; 0.0033333334 ; 0.0 ; 0.6299995 ; 0.0
189 ; 0.0033333334 ; 0.0 ; 0.63333285 ; 0.0
190 ; 0.0033333334 ; 0.0 ; 0.6366662 ; 0.0
191 ; 0.0033333334 ; 0.0 ; 0.6399995 ; 0.0
192 ; 0.0033333334 ; 0.0 ; 0.64333284 ; 0.0
193 ; 0.0033333334 ; 0.0 ; 0.64666617 ; 0.0
194 ; 0.0033333334 ; 0.0 ; 0.6499995 ; 0.0
195 ; 0.0033333334 ; 0.0 ; 0.6533328 ; 0.0
196 ; 0.0033333334 ; 0.0 ; 0.65666616 ; 0.0
197 ; 0.0033333334 ; 0.0 ; 0.6599995 ; 0.0
198 ; 0.0033333334 ; 0.0 ; 0.6633328 ; 0.0
199 ; 0.0033333334 ; 0.0 ; 0.66666615 ; 0.0
200 ; 0.0033333334 ; 0.0 ; 0.6699995 ; 0.0
201 ; 0.0033333334 ; 0.0 ; 0.6733328 ; 0.0
202 ; 0.0033333334 ; 0.0 ; 0.67666614 ; 0.0
203 ; 0.0033333334 ; 0.0 ; 0.6799995 ; 0.0
204 ; 0.0033333334 ; 0.0 ; 0.6833328 ; 0.0
205 ; 0.0033333334 ; 0.0 ; 0.68666613 ; 0.0
206 ; 0.0033333334 ; 0.0 ; 0.68999946 ; 0.0
207 ; 0.0033333334 ; 0.0 ; 0.6933328 ; 0.0
208 ; 0.0033333334 ; 0.0 ; 0.6966661 ; 0.0
209 ; 0.0033333334 ; 0.0 ; 0.69999945 ; 0.0
210 ; 0.0033333334 ; 0.0 ; 0.7033328 ; 0.0
211 ; 0.0033333334 ; 0.0 ; 0.7066661 ; 0.0
212 ; 0.0033333334 ; 0.0 ; 0.70999944 ; 0.0
213 ; 0.0033333334 ; 0.0 ; 0.7133328 ; 0.0
214 ; 0.0033333334 ; 0.0 ; 0.7166661 ; 0.0
215 ; 0.0033333334 ; 0.0 ; 0.71999943 ; 0.0
216 ; 0.0033333334 ; 0.0 ; 0.72333276 ; 0.0
217 ; 0.0033333334 ; 0.0 ; 0.7266661 ; 0.0
218 ; 0.0033333334 ; 0.0 ; 0.7299994 ; 0.0
219 ; 0.0033333334 ; 0.0 ; 0.73333275 ; 0.0
220 ; 0.0033333334 ; 0.0 ; 0.7366661 ; 0.0
221 ; 0.0033333334 ; 0.0 ; 0.7399994 ; 0.0
222 ; 0.0033333334 ; 0.0 ; 0.74333274 ; 0.0
223 ; 0.0033333334 ; 0.0 ; 0.7466661 ; 0.0
224 ; 0.0033333334 ; 0.0 ; 0.7499994 ; 0.0
225 ; 0.0033333334 ; 0.0 ; 0.75333273 ; 0.0
226 ; 0.0033333334 ; 0.0 ; 0.75666606 ; 0.0
227 ; 0.0033333334 ; 0.0 ; 0.7599994 ; 0.0
228 ; 0.0033333334 ; 0.0 ; 0.7633327 ; 0.0
229 ; 0.0033333334 ; 0.0 ; 0.76666605 ; 0.0
230 ; 0.0033333334 ; 0.0 ; 0.7699994 ; 0.0
231 ; 0.0033333334 ; 0.0 ; 0.7733327 ; 0.0
232 ; 0.0033333334 ; 0.0 ; 0.77666605 ; 0.0
233 ; 0.0033333334 ; 0.0 ; 0.7799994 ; 0.0
234 ; 0.0033333334 ; 0.0 ; 0.7833327 ; 0.0
235 ; 0.0033333334 ; 0.0 ; 0.78666604 ; 0.0
236 ; 0.0033333334 ; 0.0 ; 0.78999937 ; 0.0
237 ; 0.0033333334 ; 0.0 ; 0.7933327 ; 0.0
238 ; 0.0033333334 ; 0.0 ; 0.796666 ; 0.0
239 ; 0.0033333334 ; 0.0 ; 0.79999936 ; 0.0
240 ; 0.0033333334 ; 0.0 ; 0.8033327 ; 0.0
241 ; 0.0033333334 ; 0.0 ; 0.806666 ; 0.0
242 ; 0.0033333334 ; 0.0 ; 0.80999935 ; 0.0
243 ; 0.0033333334 ; 0.0 ; 0.8133327 ; 0.0
244 ; 0.0033333334 ; 0.0 ; 0.816666 ; 0.0
245 ; 0.0033333334 ; 0.0 ; 0.81999934 ; 0.0
246 ; 0.0033333334 ; 0.0 ; 0.82333267 ; 0.0
247 ; 0.0033333334 ; 0.0 ; 0.826666 ; 0.0
248 ; 0.0033333334 ; 0.0 ; 0.8299993 ; 0.0
249 ; 0.0033333334 ; 0.0 ; 0.83333266 ; 0.0
250 ; 0.0033333334 ; 0.0 ; 0.836666 ; 0.0
251 ; 0.0033333334 ; 0.0 ; 0.8399993 ; 0.0
252 ; 0.0033333334 ; 0.0 ; 0.84333265 ; 0.0
253 ; 0.0033333334 ; 0.0 ; 0.846666 ; 0.0
254 ; 0.0033333334 ; 0.0 ; 0.8499993 ; 0.0
255 ; 0.0033333334 ; 0.0 ; 0.85333264 ; 0.0
256 ; 0.0033333334 ; 0.0 ; 0.85666597 ; 0.0
257 ; 0.0033333334 ; 0.0 ; 0.8599993 ; 0.0
258 ; 0.0033333334 ; 0.0 ; 0.8633326 ; 0.0
259 ; 0.0033333334 ; 0.0 ; 0.86666596 ; 0.0
260 ; 0.0033333334 ; 0.0 ; 0.8699993 ; 0.0
261 ; 0.0033333334 ; 0.0 ; 0.8733326 ; 0.0
262 ; 0.0033333334 ; 0.0 ; 0.87666595 ; 0.0
263 ; 0.0033333334 ; 0.0 ; 0.8799993 ; 0.0
264 ; 0.0033333334 ; 0.0 ; 0.8833326 ; 0.0
265 ; 0.0033333334 ; 0.0 ; 0.88666594 ; 0.0
266 ; 0.0033333334 ; 0.0 ; 0.8899993 ; 0.0
267 ; 0.0033333334 ; 0.0 ; 0.8933326 ; 0.0
268 ; 0.0033333334 ; 0.0 ; 0.89666593 ; 0.0
269 ; 0.0033333334 ; 0.0 ; 0.89999926 ; 0.0
270 ; 0.0033333334 ; 0.0 ; 0.9033326 ; 0.0
271 ; 0.0033333334 ; 0.0 ; 0.9066659 ; 0.0
272 ; 0.0033333334 ; 0.0 ; 0.90999925 ; 0.0
273 ; 0.0033333334 ; 0.0 ; 0.9133326 ; 0.0
274 ; 0.0033333334 ; 0.0 ; 0.9166659 ; 0.0
275 ; 0.0033333334 ; 0.0 ; 0.91999924 ; 0.0
276 ; 0.0033333334 ; 0.0 ; 0.9233326 ; 0.0
277 ; 0.0033333334 ; 0.0 ; 0.9266659 ; 0.0
278 ; 0.0033333334 ; 0.0 ; 0.92999923 ; 0.0
279 ; 0.0033333334 ; 0.0 ; 0.93333256 ; 0.0
280 ; 0.0033333334 ; 0.0 ; 0.9366659 ; 0.0
281 ; 0.0033333334 ; 0.0 ; 0.9399992 ; 0.0
282 ; 0.0033333334 ; 0.0 ; 0.94333255 ; 0.0
283 ; 0.0033333334 ; 0.0 ; 0.9466659 ; 0.0
284 ; 0.0033333334 ; 0.0 ; 0.9499992 ; 0.0
285 ; 0.0033333334 ; 0.0 ; 0.95333254 ; 0.0
286 ; 0.0033333334 ; 0.0 ; 0.9566659 ; 0.0
287 ; 0.0033333334 ; 0.0 ; 0.9599992 ; 0.0
288 ; 0.0033333334 ; 0.0 ; 0.96333253 ; 0.0
289 ; 0.0033333334 ; 0.0 ; 0.96666586 ; 0.0
290 ; 0.0033333334 ; 0.0 ; 0.9699992 ; 0.0
291 ; 0.0033333334 ; 0.0 ; 0.9733325 ; 0.0
292 ; 0.0033333334 ; 0.0 ; 0.97666585 ; 0.0
293 ; 0.0033333334 ; 0.0 ; 0.9799992 ; 0.0
294 ; 0.0033333334 ; 0.0 ; 0.9833325 ; 0.0
295 ; 0.0033333334 ; 0.0 ; 0.98666584 ; 0.0
296 ; 0.0033333334 ; 0.0 ; 0.9899992 ; 0.0
297 ; 0.0033333334 ; 0.0 ; 0.9933325 ; 0.0
298 ; 0.0033333334 ; 0.0 ; 0.99666584 ; 0.0
299 ; 0.0033333334 ; 0.0 ; 0.99999917 ; 0.0
300 ; 0.0033333334 ; 0.0 ; 1.0033325 ; 0.0
301 ; 0.0033333334 ; 0.0 ; 1.0066658 ; 0.0
302 ; 0.0033333334 ; 0.0 ; 1.0099992 ; 0.0
303 ; 0.0033333334 ; 0.0 ; 1.0133325 ; 0.0
304 ; 0.0033333334 ; 0.0 ; 1.0166658 ; 0.0
305 ; 0.0033333334 ; 0.0 ; 1.0199991 ; 0.0
306 ; 0.0033333334 ; 0.0 ; 1.0233325 ; 0.0
307 ; 0.0033333334 ; 0.0 ; 1.0266658 ; 0.0
308 ; 0.0033333334 ; 0.0 ; 1.0299991 ; 0.0
309 ; 0.0033333334 ; 0.0 ; 1.0333325 ; 0.0
310 ; 0.0033333334 ; 0.0 ; 1.0366658 ; 0.0
311 ; 0.0033333334 ; 0.0 ; 1.0399991 ; 0.0
312 ; 0.0033333334 ; 0.0 ; 1.0433325 ; 0.0
313 ; 0.0033333334 ; 0.0 ; 1.0466658 ; 0.0
314 ; 0.0033333334 ; 0.0 ; 1.0499991 ; 0.0
315 ; 0.0033333334 ; 0.0 ; 1.0533324 ; 0.0
316 ; 0.0033333334 ; 0.0 ; 1.0566658 ; 0.0
317 ; 0.0033333334 ; 0.0 ; 1.0599991 ; 0.0
318 ; 0.0033333334 ; 0.0 ; 1.0633324 ; 0.0
319 ; 0.0033333334 ; 0.0 ; 1.0666658 ; 0.0
320 ; 0.0033333334 ; 0.0 ; 1.0699991 ; 0.0
321 ; 0.0033333334 ; 0.0 ; 1.0733324 ; 0.0
322 ; 0.0033333334 ; 0.0 ; 1.0766658 ; 0.0
323 ; 0.0033333334 ; 0.0 ; 1.0799991 ; 0.0
324 ; 0.0033333334 ; 0.0 ; 1.0833324 ; 0.0
325 ; 0.0033333334 ; 0.0 ; 1.0866657 ; 0.0
326 ; 0.0033333334 ; 0.0 ; 1.0899991 ; 0.0
327 ; 0.0033333334 ; 0.0 ; 1.0933324 ; 0.0
328 ; 0.0033333334 ; 0.0 ; 1.0966657 ; 0.0
329 ; 0.0033333334 ; 0.0 ; 1.0999991 ; 0.0
330 ; 0.0033333334 ; 0.0 ; 1.1033324 ; 0.0
331 ; 0.0033333334 ; 0.0 ; 1.1066657 ; 0.0
332 ; 0.0033333334 ; 0.0 ; 1.1099991 ; 0.0
333 ; 0.0033333334 ; 0.0 ; 1.1133324 ; 0.0
334 ; 0.0033333334 ; 0.0 ; 1.1166657 ; 0.0
335 ; 0.0033333334 ; 0.0 ; 1.119999 ; 0.0
336 ; 0.0033333334 ; 0.0 ; 1.1233324 ; 0.0
337 ; 0.0033333334 ; 0.0 ; 1.1266657 ; 0.0
338 ; 0.0033333334 ; 0.0 ; 1.129999 ; 0.0
339 ; 0.0033333334 ; 0.0 ; 1.1333324 ; 0.0
340 ; 0.0033333334 ; 0.0 ; 1.1366657 ; 0.0
341 ; 0.0033333334 ; 0.0 ; 1.139999 ; 0.0
342 ; 0.0033333334 ; 0.0 ; 1.1433324 ; 0.0
343 ; 0.0033333334 ; 0.0 ; 1.1466657 ; 0.0
344 ; 0.0033333334 ; 0.0 ; 1.149999 ; 0.0
345 ; 0.0033333334 ; 0.0 ; 1.1533324 ; 0.0
346 ; 0.0033333334 ; 0.0 ; 1.1566657 ; 0.0
347 ; 0.0033333334 ; 0.0 ; 1.159999 ; 0.0
348 ; 0.0033333334 ; 0.0 ; 1.1633323 ; 0.0
349 ; 0.0033333334 ; 0.0 ; 1.1666657 ; 0.0
350 ; 0.0033333334 ; 0.0 ; 1.169999 ; 0.0
351 ; 0.0033333334 ; 0.0 ; 1.1733323 ; 0.0
352 ; 0.0033333334 ; 0.0 ; 1.1766657 ; 0.0
353 ; 0.0033333334 ; 0.0 ; 1.179999 ; 0.0
354 ; 0.0033333334 ; 0.0 ; 1.1833323 ; 0.0
355 ; 0.0033333334 ; 0.0 ; 1.1866657 ; 0.0
356 ; 0.0033333334 ; 0.0 ; 1.189999 ; 0.0
357 ; 0.0033333334 ; 0.0 ; 1.1933323 ; 0.0
358 ; 0.0033333334 ; 0.0 ; 1.1966656 ; 0.0
359 ; 0.0033333334 ; 0.0 ; 1.199999 ; 0.0
360 ; 0.0033333334 ; 0.0 ; 1.2033323 ; 0.0
361 ; 0.0033333334 ; 0.0 ; 1.2066656 ; 0.0
362 ; 0.0033333334 ; 0.0 ; 1.209999 ; 0.0
363 ; 0.0033333334 ; 0.0 ; 1.2133323 ; 0.0
364 ; 0.0033333334 ; 0.0 ; 1.2166656 ; 0.0
365 ; 0.0033333334 ; 0.0 ; 1.219999 ; 0.0
366 ; 0.0033333334 ; 0.0 ; 1.2233323 ; 0.0
367 ; 0.0033333334 ; 0.0 ; 1.2266656 ; 0.0
368 ; 0.0033333334 ; 0.0 ; 1.229999 ; 0.0
369 ; 0.0033333334 ; 0.0 ; 1.2333323 ; 0.0
370 ; 0.0033333334 ; 0.0 ; 1.2366656 ; 0.0
371 ; 0.0033333334 ; 0.0 ; 1.2399989 ; 0.0
372 ; 0.0033333334 ; 0.0 ; 1.2433323 ; 0.0
373 ; 0.0033333334 ; 0.0 ; 1.2466656 ; 0.0
374 ; 0.0033333334 ; 0.0 ; 1.2499989 ; 0.0
375 ; 0.0033333334 ; 0.0 ; 1.2533323 ; 0.0
376 ; 0.0033333334 ; 0.0 ; 1.2566656 ; 0.0
377 ; 0.0033333334 ; 0.0 ; 1.2599989 ; 0.0
378 ; 0.0033333334 ; 0.0 ; 1.2633322 ; 0.0
379 ; 0.0033333334 ; 0.0 ; 1.2666656 ; 0.0
380 ; 0.0033333334 ; 0.0 ; 1.2699989 ; 0.0
381 ; 0.0033333334 ; 0.0 ; 1.2733322 ; 0.0
382 ; 0.0033333334 ; 0.0 ; 1.2766656 ; 0.0
383 ; 0.0033333334 ; 0.0 ; 1.2799989 ; 0.0
384 ; 0.0033333334 ; 0.0 ; 1.2833322 ; 0.0
385 ; 0.0033333334 ; 0.0 ; 1.2866656 ; 0.0
386 ; 0.0033333334 ; 0.0 ; 1.2899989 ; 0.0
387 ; 0.0033333334 ; 0.0 ; 1.2933322 ; 0.0
388 ; 0.0033333334 ; 0.0 ; 1.2966655 ; 0.0
389 ; 0.0033333334 ; 0.0 ; 1.2999989 ; 0.0
390 ; 0.0033333334 ; 0.0 ; 1.3033322 ; 0.0
391 ; 0.0033333334 ; 0.0 ; 1.3066655 ; 0.0
392 ; 0.0033333334 ; 0.0 ; 1.3099989 ; 0.0
393 ; 0.0033333334 ; 0.0 ; 1.3133322 ; 0.0
394 ; 0.0033333334 ; 0.0 ; 1.3166655 ; 0.0
395 ; 0.0033333334 ; 0.0 ; 1.3199989 ; 0.0
396 ; 0.0033333334 ; 0.0 ; 1.3233322 ; 0.0
397 ; 0.0033333334 ; 0.0 ; 1.3266655 ; 0.0
398 ; 0.0033333334 ; 0.0 ; 1.3299989 ; 0.0
399 ; 0.0033333334 ; 0.0 ; 1.3333322 ; 0.0
400 ; 0.0033333334 ; 0.0 ; 1.3366655 ; 0.0
401 ; 0.0033333334 ; 0.0 ; 1.3399988 ; 0.0
402 ; 0.0033333334 ; 0.0 ; 1.3433322 ; 0.0
403 ; 0.0033333334 ; 0.0 ; 1.3466655 ; 0.0
404 ; 0.0033333334 ; 0.0 ; 1.3499988 ; 0.0
405 ; 0.0033333334 ; 0.0 ; 1.3533322 ; 0.0
406 ; 0.0033333334 ; 0.0 ; 1.3566655 ; 0.0
407 ; 0.0033333334 ; 0.0 ; 1.3599988 ; 0.0
408 ; 0.0033333334 ; 0.0 ; 1.3633322 ; 0.0
409 ; 0.0033333334 ; 0.0 ; 1.3666655 ; 0.0
410 ; 0.0033333334 ; 0.0 ; 1.3699988 ; 0.0
411 ; 0.0033333334 ; 0.0 ; 1.3733321 ; 0.0
412 ; 0.0033333334 ; 0.0 ; 1.3766655 ; 0.0
413 ; 0.0033333334 ; 0.0 ; 1.3799988 ; 0.0
414 ; 0.0033333334 ; 0.0 ; 1.3833321 ; 0.0
415 ; 0.0033333334 ; 0.0 ; 1.3866655 ; 0.0
416 ; 0.0033333334 ; 0.0 ; 1.3899988 ; 0.0
417 ; 0.0033333334 ; 0.0 ; 1.3933321 ; 0.0
418 ; 0.0033333334 ; 0.0 ; 1.3966655 ; 0.0
419 ; 0.0033333334 ; 0.0 ; 1.3999988 ; 0.0
420 ; 0.0033333334 ; 0.0 ; 1.4033321 ; 0.0
421 ; 0.0033333334 ; 0.0 ; 1.4066654 ; 0.0
422 ; 0.0033333334 ; 0.0 ; 1.4099988 ; 0.0
423 ; 0.0033333334 ; 0.0 ; 1.4133321 ; 0.0
424 ; 0.0033333334 ; 0.0 ; 1.4166654 ; 0.0
425 ; 0.0033333334 ; 0.0 ; 1.4199988 ; 0.0
426 ; 0.0033333334 ; 0.0 ; 1.4233321 ; 0.0
427 ; 0.0033333334 ; 0.0 ; 1.4266654 ; 0.0
428 ; 0.0033333334 ; 0.0 ; 1.4299988 ; 0.0
429 ; 0.0033333334 ; 0.0 ; 1.4333321 ; 0.0
430 ; 0.0033333334 ; 0.0 ; 1.4366654 ; 0.0
431 ; 0.0033333334 ; 0.0 ; 1.4399987 ; 0.0
432 ; 0.0033333334 ; 0.0 ; 1.4433321 ; 0.0
433 ; 0.0033333334 ; 0.0 ; 1.4466654 ; 0.0
434 ; 0.0033333334 ; 0.0 ; 1.4499987 ; 0.0
435 ; 0.0033333334 ; 0.0 ; 1.4533321 ; 0.0
436 ; 0.0033333334 ; 0.0 ; 1.4566654 ; 0.0
437 ; 0.0033333334 ; 0.0 ; 1.4599987 ; 0.0
438 ; 0.0033333334 ; 0.0 ; 1.463332 ; 0.0
439 ; 0.0033333334 ; 0.0 ; 1.4666654 ; 0.0
440 ; 0.0033333334 ; 0.0 ; 1.4699987 ; 0.0
441 ; 0.0033333334 ; 0.0 ; 1.473332 ; 0.0
442 ; 0.0033333334 ; 0.0 ; 1.4766654 ; 0.0
443 ; 0.0033333334 ; 0.0 ; 1.4799987 ; 0.0
444 ; 0.0033333334 ; 0.0 ; 1.483332 ; 0.0
445 ; 0.0033333334 ; 0.0 ; 1.4866654 ; 0.0
446 ; 0.0033333334 ; 0.0 ; 1.4899987 ; 0.0
447 ; 0.0033333334 ; 0.0 ; 1.493332 ; 0.0
448 ; 0.0033333334 ; 0.0 ; 1.4966654 ; 0.0
449 ; 0.0033333334 ; 0.0 ; 1.4999987 ; 0.0
450 ; 0.0033333334 ; 0.0 ; 1.503332 ; 0.0
451 ; 0.0033333334 ; 0.0 ; 1.5066653 ; 0.0
452 ; 0.0033333334 ; 0.0 ; 1.5099987 ; 0.0
453 ; 0.0033333334 ; 0.0 ; 1.513332 ; 0.0
454 ; 0.0033333334 ; 0.0 ; 1.5166653 ; 0.0
455 ; 0.0033333334 ; 0.0 ; 1.5199987 ; 0.0
456 ; 0.0033333334 ; 0.0 ; 1.523332 ; 0.0
457 ; 0.0033333334 ; 0.0 ; 1.5266653 ; 0.0
458 ; 0.0033333334 ; 0.0 ; 1.5299987 ; 0.0
459 ; 0.0033333334 ; 0.0 ; 1.533332 ; 0.0
460 ; 0.0033333334 ; 0.0 ; 1.5366653 ; 0.0
461 ; 0.0033333334 ; 0.0 ; 1.5399987 ; 0.0
462 ; 0.0033333334 ; 0.0 ; 1.543332 ; 0.0
463 ; 0.0033333334 ; 0.0 ; 1.5466653 ; 0.0
464 ; 0.0033333334 ; 0.0 ; 1.5499986 ; 0.0
465 ; 0.0033333334 ; 0.0 ; 1.553332 ; 0.0
466 ; 0.0033333334 ; 0.0 ; 1.5566653 ; 0.0
467 ; 0.0033333334 ; 0.0 ; 1.5599986 ; 0.0
468 ; 0.0033333334 ; 0.0 ; 1.563332 ; 0.0
469 ; 0.0033333334 ; 0.0 ; 1.5666653 ; 0.0
470 ; 0.0033333334 ; 0.0 ; 1.5699986 ; 0.0
471 ; 0.0033333334 ; 0.0 ; 1.573332 ; 0.0
472 ; 0.0033333334 ; 0.0 ; 1.5766653 ; 0.0
473 ; 0.0033333334 ; 0.0 ; 1.5799986 ; 0.0
474 ; 0.0033333334 ; 0.0 ; 1.583332 ; 0.0
475 ; 0.0033333334 ; 0.0 ; 1.5866653 ; 0.0
476 ; 0.0033333334 ; 0.0 ; 1.5899986 ; 0.0
477 ; 0.0033333334 ; 0.0 ; 1.5933319 ; 0.0
478 ; 0.0033333334 ; 0.0 ; 1.5966653 ; 0.0
479 ; 0.0033333334 ; 0.0 ; 1.5999986 ; 0.0
480 ; 0.005 ; 0.0 ; 1.6049986 ; 0.0
481 ; 0.005 ; 0.0 ; 1.6099986 ; 0.0
482 ; 0.005 ; 0.0 ; 1.6149986 ; 0.0
483 ; 0.005 ; 0.0 ; 1.6199986 ; 0.0
484 ; 0.005 ; 0.0 ; 1.6249986 ; 0.0
485 ; 0.005 ; 0.0 ; 1.6299986 ; 0.0
486 ; 0.005 ; 0.0 ; 1.6349986 ; 0.0
487 ; 0.005 ; 0.0 ; 1.6399986 ; 0.0
488 ; 0.005 ; 0.0 ; 1.6449986 ; 0.0
489 ; 0.005 ; 0.0 ; 1.6499985 ; 0.0
490 ; 0.005 ; 0.0 ; 1.6549985 ; 0.0
491 ; 0.005 ; 0.0 ; 1.6599985 ; 0.0
492 ; 0.005 ; 0.0 ; 1.6649985 ; 0.0
493 ; 0.005 ; 0.0 ; 1.6699985 ; 0.0
494 ; 0.005 ; 0.0 ; 1.6749985 ; 0.0
495 ; 0.005 ; 0.0 ; 1.6799985 ; 0.0
496 ; 0.005 ; 0.0 ; 1.6849985 ; 0.0
497 ; 0.005 ; 0.0 ; 1.6899985 ; 0.0
498 ; 0.005 ; 0.0 ; 1.6949985 ; 0.0
499 ; 0.005 ; 0.0 ; 1.6999985 ; 0.0
500 ; 0.005 ; 0.0 ; 1.7049985 ; 0.0
501 ; 0.005 ; 0.0 ; 1.7099985 ; 0.0
502 ; 0.005 ; 0.0 ; 1.7149985 ; 0.0
503 ; 0.005 ; 0.0 ; 1.7199985 ; 0.0
504 ; 0.005 ; 0.0 ; 1.7249985 ; 0.0
505 ; 0.005 ; 0.0 ; 1.7299985 ; 0.0
506 ; 0.005 ; 0.0 ; 1.7349985 ; 0.0
507 ; 0.005 ; 0.0 ; 1.7399985 ; 0.0
508 ; 0.005 ; 0.0 ; 1.7449985 ; 0.0
509 ; 0.005 ; 0.0 ; 1.7499985 ; 0.0
510 ; 0.005 ; 0.0 ; 1.7549984 ; 0.0
511 ; 0.005 ; 0.0 ; 1.7599984 ; 0.0
512 ; 0.005 ; 0.0 ; 1.7649984 ; 0.0
513 ; 0.005 ; 0.0 ; 1.7699984 ; 0.0
514 ; 0.005 ; 0.0 ; 1.7749984 ; 0.0
515 ; 0.005 ; 0.0 ; 1.7799984 ; 0.0
516 ; 0.005 ; 0.0 ; 1.7849984 ; 0.0
517 ; 0.005 ; 0.0 ; 1.7899984 ; 0.0
518 ; 0.005 ; 0.0 ; 1.7949984 ; 0.0
519 ; 0.005 ; 0.0 ; 1.7999984 ; 0.0
520 ; 0.005 ; 0.0 ; 1.8049984 ; 0.0
521 ; 0.005 ; 0.0 ; 1.8099984 ; 0.0
522 ; 0.005 ; 0.0 ; 1.8149984 ; 0.0
523 ; 0.005 ; 0.0 ; 1.8199984 ; 0.0
524 ; 0.005 ; 0.0 ; 1.8249984 ; 0.0
525 ; 0.005 ; 0.0 ; 1.8299984 ; 0.0
526 ; 0.005 ; 0.0 ; 1.8349984 ; 0.0
527 ; 0.005 ; 0.0 ; 1.8399984 ; 0.0
528 ; 0.005 ; 0.0 ; 1.8449984 ; 0.0
529 ; 0.005 ; 0.0 ; 1.8499984 ; 0.0
530 ; 0.005 ; 0.0 ; 1.8549984 ; 0.0
531 ; 0.005 ; 0.0 ; 1.8599983 ; 0.0
532 ; 0.005 ; 0.0 ; 1.8649983 ; 0.0
533 ; 0.005 ; 0.0 ; 1.8699983 ; 0.0
534 ; 0.005 ; 0.0 ; 1.8749983 ; 0.0
535 ; 0.005 ; 0.0 ; 1.8799983 ; 0.0
536 ; 0.005 ; 0.0 ; 1.8849983 ; 0.0
537 ; 0.005 ; 0.0 ; 1.8899983 ; 0.0
538 ; 0.005 ; 0.0 ; 1.8949983 ; 0.0
539 ; 0.005 ; 0.0 ; 1.8999983 ; 0.0
540 ; 0.005 ; 0.0 ; 1.9049983 ; 0.0
541 ; 0.005 ; 0.0 ; 1.9099983 ; 0.0
542 ; 0.005 ; 0.0 ; 1.9149983 ; 0.0
543 ; 0.005 ; 0.0 ; 1.9199983 ; 0.0
544 ; 0.005 ; 0.0 ; 1.9249983 ; 0.0
545 ; 0.005 ; 0.0 ; 1.9299983 ; 0.0
546 ; 0.005 ; 0.0 ; 1.9349983 ; 0.0
547 ; 0.005 ; 0.0 ; 1.9399983 ; 0.0
548 ; 0.005 ; 0.0 ; 1.9449983 ; 0.0
549 ; 0.005 ; 0.0 ; 1.9499983 ; 0.0
550 ; 0.005 ; 0.0 ; 1.9549983 ; 0.0
551 ; 0.005 ; 0.0 ; 1.9599983 ; 0.0
552 ; 0.005 ; 0.0 ; 1.9649982 ; 0.0
553 ; 0.005 ; 0.0 ; 1.9699982 ; 0.0
554 ; 0.005 ; 0.0 ; 1.9749982 ; 0.0
555 ; 0.005 ; 0.0 ; 1.9799982 ; 0.0
556 ; 0.005 ; 0.0 ; 1.9849982 ; 0.0
557 ; 0.005 ; 0.0 ; 1.9899982 ; 0.0
558 ; 0.005 ; 0.0 ; 1.9949982 ; 0.0
559 ; 0.005 ; 0.0 ; 1.9999982 ; 0.0
560 ; 0.005 ; 0.0 ; 2.0049982 ; 0.0
561 ; 0.005 ; 0.0 ; 2.0099983 ; 0.0
562 ; 0.005 ; 0.0 ; 2.0149984 ; 0.0
563 ; 0.005 ; 0.0 ; 2.0199986 ; 0.0
564 ; 0.005 ; 0.0 ; 2.0249987 ; 0.0
565 ; 0.005 ; 0.0 ; 2.0299988 ; 0.0
566 ; 0.005 ; 0.0 ; 2.034999 ; 0.0
567 ; 0.005 ; 0.0 ; 2.039999 ; 0.0
568 ; 0.005 ; 0.0 ; 2.0449991 ; 0.0
569 ; 0.005 ; 0.0 ; 2.0499992 ; 0.0
570 ; 0.005 ; 0.0 ; 2.0549994 ; 0.0
571 ; 0.005 ; 0.0 ; 2.0599995 ; 0.0
572 ; 0.005 ; 0.0 ; 2.0649996 ; 0.0
573 ; 0.005 ; 0.0 ; 2.0699997 ; 0.0
574 ; 0.005 ; 0.0 ; 2.0749998 ; 0.0
575 ; 0.005 ; 0.0 ; 2.08 ; 0.0
576 ; 0.005 ; 0.0 ; 2.085 ; 0.0
577 ; 0.005 ; 0.0 ; 2.0900002 ; 0.0
578 ; 0.005 ; 0.0 ; 2.0950003 ; 0.0
579 ; 0.005 ; 0.0 ; 2.1000004 ; 0.0
580 ; 0.005 ; 0.0 ; 2.1050005 ; 0.0
581 ; 0.005 ; 0.0 ; 2.1100006 ; 0.0
582 ; 0.005 ; 0.0 ; 2.1150007 ; 0.0
583 ; 0.005 ; 0.0 ; 2.1200008 ; 0.0
584 ; 0.005 ; 0.0 ; 2.125001 ; 0.0
585 ; 0.005 ; 0.0 ; 2.130001 ; 0.0
586 ; 0.005 ; 0.0 ; 2.1350012 ; 0.0
587 ; 0.005 ; 0.0 ; 2.1400013 ; 0.0
588 ; 0.005 ; 0.0 ; 2.1450014 ; 0.0
589 ; 0.005 ; 0.0 ; 2.1500015 ; 0.0
590 ; 0.005 ; 0.0 ; 2.1550016 ; 0.0
591 ; 0.005 ; 0.0 ; 2.1600018 ; 0.0
592 ; 0.005 ; 0.0 ; 2.1650019 ; 0.0
593 ; 0.005 ; 0.0 ; 2.170002 ; 0.0
594 ; 0.005 ; 0.0 ; 2.175002 ; 0.0
595 ; 0.005 ; 0.0 ; 2.1800022 ; 0.0
596 ; 0.005 ; 0.0 ; 2.1850023 ; 0.0
597 ; 0.005 ; 0.0 ; 2.1900024 ; 0.0
598 ; 0.005 ; 0.0 ; 2.1950026 ; 0.0
599 ; 0.005 ; 0.0 ; 2.2000027 ; 0.0
600 ; 0.005 ; 0.0 ; 2.2050028 ; 0.0
601 ; 0.005 ; 0.0 ; 2.210003 ; 0.0
602 ; 0.005 ; 0.0 ; 2.215003 ; 0.0
603 ; 0.005 ; 0.0 ; 2.2200031 ; 0.0
604 ; 0.005 ; 0.0 ; 2.2250032 ; 0.0
605 ; 0.005 ; 0.0 ; 2.2300034 ; 0.0
606 ; 0.005 ; 0.0 ; 2.2350035 ; 0.0
607 ; 0.005 ; 0.0 ; 2.2400036 ; 0.0
608 ; 0.005 ; 0.0 ; 2.2450037 ; 0.0
609 ; 0.005 ; 0.0 ; 2.2500038 ; 0.0
610 ; 0.005 ; 0.0 ; 2.255004 ; 0.0
611 ; 0.005 ; 0.0 ; 2.260004 ; 0.0
612 ; 0.005 ; 0.0 ; 2.2650042 ; 0.0
613 ; 0.005 ; 0.0 ; 2.2700043 ; 0.0
614 ; 0.005 ; 0.0 ; 2.2750044 ; 0.0
615 ; 0.005 ; 0.0 ; 2.2800045 ; 0.0
616 ; 0.005 ; 0.0 ; 2.2850046 ; 0.0
617 ; 0.005 ; 0.0 ; 2.2900047 ; 0.0
618 ; 0.005 ; 0.0 ; 2.2950048 ; 0.0
619 ; 0.005 ; 0.0 ; 2.300005 ; 0.0
620 ; 0.005 ; 0.0 ; 2.305005 ; 0.0
621 ; 0.005 ; 0.0 ; 2.3100052 ; 0.0
622 ; 0.005 ; 0.0 ; 2.3150053 ; 0.0
623 ; 0.005 ; 0.0 ; 2.3200054 ; 0.0
624 ; 0.005 ; 0.0 ; 2.3250055 ; 0.0
625 ; 0.005 ; 0.0 ; 2.3300056 ; 0.0
626 ; 0.005 ; 0.0 ; 2.3350058 ; 0.0
627 ; 0.005 ; 0.0 ; 2.3400059 ; 0.0
628 ; 0.005 ; 0.0 ; 2.345006 ; 0.0
629 ; 0.005 ; 0.0 ; 2.350006 ; 0.0
630 ; 0.005 ; 0.0 ; 2.3550062 ; 0.0
631 ; 0.005 ; 0.0 ; 2.3600063 ; 0.0
632 ; 0.005 ; 0.0 ; 2.3650064 ; 0.0
633 ; 0.005 ; 0.0 ; 2.3700066 ; 0.0
634 ; 0.005 ; 0.0 ; 2.3750067 ; 0.0
635 ; 0.005 ; 0.0 ; 2.3800068 ; 0.0
636 ; 0.005 ; 0.0 ; 2.385007 ; 0.0
637 ; 0.005 ; 0.0 ; 2.390007 ; 0.0
638 ; 0.005 ; 0.0 ; 2.3950071 ; 0.0
639 ; 0.005 ; 0.0 ; 2.4000072 ; 0.0
640 ; 0.005 ; 0.0 ; 2.4050074 ; 0.0
641 ; 0.005 ; 0.0 ; 2.4100075 ; 0.0
642 ; 0.005 ; 0.0 ; 2.4150076 ; 0.0
643 ; 0.005 ; 0.0 ; 2.4200077 ; 0.0
644 ; 0.005 ; 0.0 ; 2.4250078 ; 0.0
645 ; 0.005 ; 0.0 ; 2.430008 ; 0.0
646 ; 0.005 ; 0.0 ; 2.435008 ; 0.0
647 ; 0.005 ; 0.0 ; 2.4400082 ; 0.0
648 ; 0.005 ; 0.0 ; 2.4450083 ; 0.0
649 ; 0.005 ; 0.0 ; 2.4500084 ; 0.0
650 ; 0.005 ; 0.0 ; 2.4550085 ; 0.0
651 ; 0.005 ; 0.0 ; 2.4600086 ; 0.0
652 ; 0.005 ; 0.0 ; 2.4650087 ; 0.0
653 ; 0.005 ; 0.0 ; 2.4700089 ; 0.0
654 ; 0.005 ; 0.0 ; 2.475009 ; 0.0
655 ; 0.005 ; 0.0 ; 2.480009 ; 0.0
656 ; 0.005 ; 0.0 ; 2.4850092 ; 0.0
657 ; 0.005 ; 0.0 ; 2.4900093 ; 0.0
658 ; 0.005 ; 0.0 ; 2.4950094 ; 0.0
659 ; 0.005 ; 0.0 ; 2.5000095 ; 0.0
660 ; 0.005 ; 0.0 ; 2.5050097 ; 0.0
661 ; 0.005 ; 0.0 ; 2.5100098 ; 0.0
662 ; 0.005 ; 0.0 ; 2.5150099 ; 0.0
663 ; 0.005 ; 0.0 ; 2.52001 ; 0.0
664 ; 0.005 ; 0.0 ; 2.52501 ; 0.0
665 ; 0.005 ; 0.0 ; 2.5300102 ; 0.0
666 ; 0.005 ; 0.0 ; 2.5350103 ; 0.0
667 ; 0.005 ; 0.0 ; 2.5400105 ; 0.0
668 ; 0.005 ; 0.0 ; 2.5450106 ; 0.0
669 ; 0.005 ; 0.0 ; 2.5500107 ; 0.0
670 ; 0.005 ; 0.0 ; 2.5550108 ; 0.0
671 ; 0.005 ; 0.0 ; 2.560011 ; 0.0
672 ; 0.005 ; 0.0 ; 2.565011 ; 0.0
673 ; 0.005 ; 0.0 ; 2.5700111 ; 0.0
674 ; 0.005 ; 0.0 ; 2.5750113 ; 0.0
675 ; 0.005 ; 0.0 ; 2.5800114 ; 0.0
676 ; 0.005 ; 0.0 ; 2.5850115 ; 0.0
677 ; 0.005 ; 0.0 ; 2.5900116 ; 0.0
678 ; 0.005 ; 0.0 ; 2.5950117 ; 0.0
679 ; 0.005 ; 0.0 ; 2.6000118 ; 0.0
680 ; 0.005 ; 0.0 ; 2.605012 ; 0.0
681 ; 0.005 ; 0.0 ; 2.610012 ; 0.0
682 ; 0.005 ; 0.0 ; 2.6150122 ; 0.0
683 ; 0.005 ; 0.0 ; 2.6200123 ; 0.0
684 ; 0.005 ; 0.0 ; 2.6250124 ; 0.0
685 ; 0.005 ; 0.0 ; 2.6300125 ; 0.0
686 ; 0.005 ; 0.0 ; 2.6350126 ; 0.0
687 ; 0.005 ; 0.0 ; 2.6400127 ; 0.0
688 ; 0.005 ; 0.0 ; 2.6450129 ; 0.0
689 ; 0.005 ; 0.0 ; 2.650013 ; 0.0
690 ; 0.005 ; 0.0 ; 2.655013 ; 0.0
691 ; 0.005 ; 0.0 ; 2.6600132 ; 0.0
692 ; 0.005 ; 0.0 ; 2.6650133 ; 0.0
693 ; 0.005 ; 0.0 ; 2.6700134 ; 0.0
694 ; 0.005 ; 0.0 ; 2.6750135 ; 0.0
695 ; 0.005 ; 0.0 ; 2.6800137 ; 0.0
696 ; 0.005 ; 0.0 ; 2.6850138 ; 0.0
697 ; 0.005 ; 0.0 ; 2.690014 ; 0.0
698 ; 0.005 ; 0.0 ; 2.695014 ; 0.0
699 ; 0.005 ; 0.0 ; 2.700014 ; 0.0
700 ; 0.005 ; 0.0 ; 2.7050142 ; 0.0
701 ; 0.005 ; 0.0 ; 2.7100143 ; 0.0
702 ; 0.005 ; 0.0 ; 2.7150145 ; 0.0
703 ; 0.005 ; 0.0 ; 2.7200146 ; 0.0
704 ; 0.005 ; 0.0 ; 2.7250147 ; 0.0
705 ; 0.005 ; 0.0 ; 2.7300148 ; 0.0
706 ; 0.005 ; 0.0 ; 2.735015 ; 0.0
707 ; 0.005 ; 0.0 ; 2.740015 ; 0.0
708 ; 0.005 ; 0.0 ; 2.7450151 ; 0.0
709 ; 0.005 ; 0.0 ; 2.7500153 ; 0.0
710 ; 0.005 ; 0.0 ; 2.7550154 ; 0.0
711 ; 0.005 ; 0.0 ; 2.7600155 ; 0.0
712 ; 0.005 ; 0.0 ; 2.7650156 ; 0.0
713 ; 0.005 ; 0.0 ; 2.7700157 ; 0.0
714 ; 0.005 ; 0.0 ; 2.7750158 ; 0.0
715 ; 0.005 ; 0.0 ; 2.780016 ; 0.0
716 ; 0.005 ; 0.0 ; 2.785016 ; 0.0
717 ; 0.005 ; 0.0 ; 2.7900162 ; 0.0
718 ; 0.005 ; 0.0 ; 2.7950163 ; 0.0
719 ; 0.005 ; 0.0 ; 2.8000164 ; 0.0
720 ; 0.17166667 ; 0.0 ; 2.971683 ; 0.0
721 ; 0.17166667 ; 0.0 ; 3.1433496 ; 0.0
722 ; 0.17166667 ; 0.0 ; 3.3150163 ; 0.0
723 ; 0.17166667 ; 0.0 ; 3.486683 ; 0.0
724 ; 0.17166667 ; 0.0 ; 3.6583495 ; 0.0
725 ; 0.17166667 ; 0.0 ; 3.8300161 ; 0.0
726 ; 0.17166667 ; 0.0 ; 4.0016828 ; 0.0
727 ; 0.17166667 ; 0.0 ; 4.1733494 ; 0.0
728 ; 0.17166667 ; 0.0 ; 4.345016 ; 0.0
729 ; 0.17166667 ; 0.0 ; 4.5166826 ; 0.0
730 ; 0.17166667 ; 0.0 ; 4.6883492 ; 0.0
731 ; 0.17166667 ; 0.0 ; 4.860016 ; 0.0
732 ; 0.17166667 ; 0.0 ; 5.0316825 ; 0.0
733 ; 0.17166667 ; 0.0 ; 5.203349 ; 0.0
734 ; 0.17166667 ; 0.0 ; 5.3750157 ; 0.0
735 ; 0.17166667 ; 0.0 ; 5.5466824 ; 0.0
736 ; 0.17166667 ; 0.0 ; 5.718349 ; 0.0
737 ; 0.17166667 ; 0.0 ; 5.8900156 ; 0.0
738 ; 0.17166667 ; 0.0 ; 6.061682 ; 0.0
739 ; 0.17166667 ; 0.0 ; 6.233349 ; 0.0
740 ; 0.17166667 ; 0.0 ; 6.4050155 ; 0.0
741 ; 0.17166667 ; 0.0 ; 6.576682 ; 0.0
742 ; 0.17166667 ; 0.0 ; 6.7483487 ; 0.0
743 ; 0.17166667 ; 0.0 ; 6.9200153 ; 0.0
744 ; 0.17166667 ; 0.0 ; 7.091682 ; 0.0
745 ; 0.17166667 ; 0.0 ; 7.2633486 ; 0.0
746 ; 0.17166667 ; 0.0 ; 7.435015 ; 0.0
747 ; 0.17166667 ; 0.0 ; 7.606682 ; 0.0
748 ; 0.17166667 ; 0.0 ; 7.7783484 ; 0.0
749 ; 0.17166667 ; 0.0 ; 7.950015 ; 0.0
750 ; 0.17166667 ; 0.0 ; 8.121682 ; 0.0
751 ; 0.17166667 ; 0.0 ; 8.293349 ; 0.0
752 ; 0.17166667 ; 0.0 ; 8.465016 ; 0.0
753 ; 0.17166667 ; 0.0 ; 8.636683 ; 0.0
754 ; 0.17166667 ; 0.0 ; 8.808351 ; 0.0
755 ; 0.17166667 ; 0.0 ; 8.980018 ; 0.0
756 ; 0.17166667 ; 0.0 ; 9.151685 ; 0.0
757 ; 0.17166667 ; 0.0 ; 9.323352 ; 0.0
758 ; 0.17166667 ; 0.0 ; 9.495019 ; 0.0
759 ; 0.17166667 ; 0.0 ; 9.666686 ; 0.0
760 ; 0.17166667 ; 0.0 ; 9.838353 ; 0.0
761 ; 0.17166667 ; 0.0 ; 10.01002 ; 0.0
762 ; 0.17166667 ; 0.0 ; 10.181687 ; 0.0
763 ; 0.17166667 ; 0.0 ; 10.353354 ; 0.0
764 ; 0.17166667 ; 0.0 ; 10.525022 ; 0.0
765 ; 0.17166667 ; 0.0 ; 10.696689 ; 0.0
766 ; 0.17166667 ; 0.0 ; 10.868356 ; 0.0
767 ; 0.17166667 ; 0.0 ; 11.040023 ; 0.0
768 ; 0.17166667 ; 0.0 ; 11.21169 ; 0.0
769 ; 0.17166667 ; 0.0 ; 11.383357 ; 0.0
770 ; 0.17166667 ; 0.0 ; 11.555024 ; 0.0
771 ; 0.17166667 ; 0.0 ; 11.726691 ; 0.0
772 ; 0.17166667 ; 0.0 ; 11.898358 ; 0.0
773 ; 0.17166667 ; 0.0 ; 12.070025 ; 0.0
774 ; 0.17166667 ; 0.0 ; 12.241693 ; 0.0
775 ; 0.17166667 ; 0.0 ; 12.41336 ; 0.0
776 ; 0.17166667 ; 0.0 ; 12.585027 ; 0.0
777 ; 0.17166667 ; 0.0 ; 12.756694 ; 0.0
778 ; 0.17166667 ; 0.0 ; 12.928361 ; 0.0
779 ; 0.17166667 ; 0.0 ; 13.100028 ; 0.0
780 ; 0.005 ; 0.0 ; 13.105028 ; 0.0
781 ; 0.005 ; 0.0 ; 13.110028 ; 0.0
782 ; 0.005 ; 0.0 ; 13.115028 ; 0.0
783 ; 0.005 ; 0.0 ; 13.1200285 ; 0.0
784 ; 0.005 ; 0.0 ; 13.125029 ; 0.0
785 ; 0.005 ; 0.0 ; 13.130029 ; 0.0
786 ; 0.005 ; 0.0 ; 13.135029 ; 0.0
787 ; 0.005 ; 0.0 ; 13.140029 ; 0.0
788 ; 0.005 ; 0.0 ; 13.145029 ; 0.0
789 ; 0.005 ; 0.0 ; 13.150029 ; 0.0
790 ; 0.005 ; 0.0 ; 13.155029 ; 0.0
791 ; 0.005 ; 0.0 ; 13.160029 ; 0.0
792 ; 0.005 ; 0.0 ; 13.16503 ; 0.0
793 ; 0.005 ; 0.0 ; 13.17003 ; 0.0
794 ; 0.005 ; 0.0 ; 13.17503 ; 0.0
795 ; 0.005 ; 0.0 ; 13.18003 ; 0.0
796 ; 0.005 ; 0.0 ; 13.18503 ; 0.0
797 ; 0.005 ; 0.0 ; 13.19003 ; 0.0
798 ; 0.005 ; 0.0 ; 13.19503 ; 0.0
799 ; 0.005 ; 0.0 ; 13.20003 ; 0.0
800 ; 0.005 ; 0.0 ; 13.20503 ; 0.0
801 ; 0.005 ; 0.0 ; 13.210031 ; 0.0
802 ; 0.005 ; 0.0 ; 13.215031 ; 0.0
803 ; 0.005 ; 0.0 ; 13.220031 ; 0.0
804 ; 0.005 ; 0.0 ; 13.225031 ; 0.0
805 ; 0.005 ; 0.0 ; 13.230031 ; 0.0
806 ; 0.005 ; 0.0 ; 13.235031 ; 0.0
807 ; 0.005 ; 0.0 ; 13.240031 ; 0.0
808 ; 0.005 ; 0.0 ; 13.245031 ; 0.0
809 ; 0.005 ; 0.0 ; 13.250031 ; 0.0
810 ; 0.005 ; 0.0 ; 13.255032 ; 0.0
811 ; 0.005 ; 0.0 ; 13.260032 ; 0.0
812 ; 0.005 ; 0.0 ; 13.265032 ; 0.0
813 ; 0.005 ; 0.0 ; 13.270032 ; 0.0
814 ; 0.005 ; 0.0 ; 13.275032 ; 0.0
815 ; 0.005 ; 0.0 ; 13.280032 ; 0.0
816 ; 0.005 ; 0.0 ; 13.285032 ; 0.0
817 ; 0.005 ; 0.0 ; 13.290032 ; 0.0
818 ; 0.005 ; 0.0 ; 13.2950325 ; 0.0
819 ; 0.005 ; 0.0 ; 13.300033 ; 0.0
820 ; 0.005 ; 0.0 ; 13.305033 ; 0.0
821 ; 0.005 ; 0.0 ; 13.310033 ; 0.0
822 ; 0.005 ; 0.0 ; 13.315033 ; 0.0
823 ; 0.005 ; 0.0 ; 13.320033 ; 0.0
824 ; 0.005 ; 0.0 ; 13.325033 ; 0.0
825 ; 0.005 ; 0.0 ; 13.330033 ; 0.0
826 ; 0.005 ; 0.0 ; 13.335033 ; 0.0
827 ; 0.005 ; 0.0 ; 13.340034 ; 0.0
828 ; 0.005 ; 0.0 ; 13.345034 ; 0.0
829 ; 0.005 ; 0.0 ; 13.350034 ; 0.0
830 ; 0.005 ; 0.0 ; 13.355034 ; 0.0
831 ; 0.005 ; 0.0 ; 13.360034 ; 0.0
832 ; 0.005 ; 0.0 ; 13.365034 ; 0.0
833 ; 0.005 ; 0.0 ; 13.370034 ; 0.0
834 ; 0.005 ; 0.0 ; 13.375034 ; 0.0
835 ; 0.005 ; 0.0 ; 13.380034 ; 0.0
836 ; 0.005 ; 0.0 ; 13.385035 ; 0.0
837 ; 0.005 ; 0.0 ; 13.390035 ; 0.0
838 ; 0.005 ; 0.0 ; 13.395035 ; 0.0
839 ; 0.005 ; 0.0 ; 13.400035 ; 0.0
840 ; 0.005 ; 0.0 ; 13.405035 ; 0.0
841 ; 0.005 ; 0.0 ; 13.410035 ; 0.0
842 ; 0.005 ; 0.0 ; 13.415035 ; 0.0
843 ; 0.005 ; 0.0 ; 13.420035 ; 0.0
844 ; 0.005 ; 0.0 ; 13.425035 ; 0.0
845 ; 0.005 ; 0.0 ; 13.430036 ; 0.0
846 ; 0.005 ; 0.0 ; 13.435036 ; 0.0
847 ; 0.005 ; 0.0 ; 13.440036 ; 0.0
848 ; 0.005 ; 0.0 ; 13.445036 ; 0.0
849 ; 0.005 ; 0.0 ; 13.450036 ; 0.0
850 ; 0.005 ; 0.0 ; 13.455036 ; 0.0
851 ; 0.005 ; 0.0 ; 13.460036 ; 0.0
852 ; 0.005 ; 0.0 ; 13.465036 ; 0.0
853 ; 0.005 ; 0.0 ; 13.4700365 ; 0.0
854 ; 0.005 ; 0.0 ; 13.475037 ; 0.0
855 ; 0.005 ; 0.0 ; 13.480037 ; 0.0
856 ; 0.005 ; 0.0 ; 13.485037 ; 0.0
857 ; 0.005 ; 0.0 ; 13.490037 ; 0.0
858 ; 0.005 ; 0.0 ; 13.495037 ; 0.0
859 ; 0.005 ; 0.0 ; 13.500037 ; 0.0
860 ; 0.005 ; 0.0 ; 13.505037 ; 0.0
861 ; 0.005 ; 0.0 ; 13.510037 ; 0.0
862 ; 0.005 ; 0.0 ; 13.515038 ; 0.0
863 ; 0.005 ; 0.0 ; 13.520038 ; 0.0
864 ; 0.005 ; 0.0 ; 13.525038 ; 0.0
865 ; 0.005 ; 0.0 ; 13.530038 ; 0.0
866 ; 0.005 ; 0.0 ; 13.535038 ; 0.0
867 ; 0.005 ; 0.0 ; 13.540038 ; 0.0
868 ; 0.005 ; 0.0 ; 13.545038 ; 0.0
869 ; 0.005 ; 0.0 ; 13.550038 ; 0.0
870 ; 0.005 ; 0.0 ; 13.555038 ; 0.0
871 ; 0.005 ; 0.0 ; 13.560039 ; 0.0
872 ; 0.005 ; 0.0 ; 13.565039 ; 0.0
873 ; 0.005 ; 0.0 ; 13.570039 ; 0.0
874 ; 0.005 ; 0.0 ; 13.575039 ; 0.0
875 ; 0.005 ; 0.0 ; 13.580039 ; 0.0
876 ; 0.005 ; 0.0 ; 13.585039 ; 0.0
877 ; 0.005 ; 0.0 ; 13.590039 ; 0.0
878 ; 0.005 ; 0.0 ; 13.595039 ; 0.0
879 ; 0.005 ; 0.0 ; 13.6000395 ; 0.0
880 ; 0.005 ; 0.0 ; 13.60504 ; 0.0
881 ; 0.005 ; 0.0 ; 13.61004 ; 0.0
882 ; 0.005 ; 0.0 ; 13.61504 ; 0.0
883 ; 0.005 ; 0.0 ; 13.62004 ; 0.0
884 ; 0.005 ; 0.0 ; 13.62504 ; 0.0
885 ; 0.005 ; 0.0 ; 13.63004 ; 0.0
886 ; 0.005 ; 0.0 ; 13.63504 ; 0.0
887 ; 0.005 ; 0.0 ; 13.64004 ; 0.0
888 ; 0.005 ; 0.0 ; 13.6450405 ; 0.0
889 ; 0.005 ; 0.0 ; 13.650041 ; 0.0
890 ; 0.005 ; 0.0 ; 13.655041 ; 0.0
891 ; 0.005 ; 0.0 ; 13.660041 ; 0.0
892 ; 0.005 ; 0.0 ; 13.665041 ; 0.0
893 ; 0.005 ; 0.0 ; 13.670041 ; 0.0
894 ; 0.005 ; 0.0 ; 13.675041 ; 0.0
895 ; 0.005 ; 0.0 ; 13.680041 ; 0.0
896 ; 0.005 ; 0.0 ; 13.685041 ; 0.0
897 ; 0.005 ; 0.0 ; 13.690042 ; 0.0
898 ; 0.005 ; 0.0 ; 13.695042 ; 0.0
899 ; 0.005 ; 0.0 ; 13.700042 ; 0.0
900 ; 0.005 ; 0.0 ; 13.705042 ; 0.0
901 ; 0.005 ; 0.0 ; 13.710042 ; 0.0
902 ; 0.005 ; 0.0 ; 13.715042 ; 0.0
903 ; 0.005 ; 0.0 ; 13.720042 ; 0.0
904 ; 0.005 ; 0.0 ; 13.725042 ; 0.0
905 ; 0.005 ; 0.0 ; 13.730042 ; 0.0
906 ; 0.005 ; 0.0 ; 13.735043 ; 0.0
907 ; 0.005 ; 0.0 ; 13.740043 ; 0.0
908 ; 0.005 ; 0.0 ; 13.745043 ; 0.0
909 ; 0.005 ; 0.0 ; 13.750043 ; 0.0
910 ; 0.005 ; 0.0 ; 13.755043 ; 0.0
911 ; 0.005 ; 0.0 ; 13.760043 ; 0.0
912 ; 0.005 ; 0.0 ; 13.765043 ; 0.0
913 ; 0.005 ; 0.0 ; 13.770043 ; 0.0
914 ; 0.005 ; 0.0 ; 13.7750435 ; 0.0
915 ; 0.005 ; 0.0 ; 13.780044 ; 0.0
916 ; 0.005 ; 0.0 ; 13.785044 ; 0.0
917 ; 0.005 ; 0.0 ; 13.790044 ; 0.0
918 ; 0.005 ; 0.0 ; 13.795044 ; 0.0
919 ; 0.005 ; 0.0 ; 13.800044 ; 0.0
920 ; 0.005 ; 0.0 ; 13.805044 ; 0.0
921 ; 0.005 ; 0.0 ; 13.810044 ; 0.0
922 ; 0.005 ; 0.0 ; 13.815044 ; 0.0
923 ; 0.005 ; 0.0 ; 13.8200445 ; 0.0
924 ; 0.005 ; 0.0 ; 13.825045 ; 0.0
925 ; 0.005 ; 0.0 ; 13.830045 ; 0.0
926 ; 0.005 ; 0.0 ; 13.835045 ; 0.0
927 ; 0.005 ; 0.0 ; 13.840045 ; 0.0
928 ; 0.005 ; 0.0 ; 13.845045 ; 0.0
929 ; 0.005 ; 0.0 ; 13.850045 ; 0.0
930 ; 0.005 ; 0.0 ; 13.855045 ; 0.0
931 ; 0.005 ; 0.0 ; 13.860045 ; 0.0
932 ; 0.005 ; 0.0 ; 13.865046 ; 0.0
933 ; 0.005 ; 0.0 ; 13.870046 ; 0.0
934 ; 0.005 ; 0.0 ; 13.875046 ; 0.0
935 ; 0.005 ; 0.0 ; 13.880046 ; 0.0
936 ; 0.005 ; 0.0 ; 13.885046 ; 0.0
937 ; 0.005 ; 0.0 ; 13.890046 ; 0.0
938 ; 0.005 ; 0.0 ; 13.895046 ; 0.0
939 ; 0.005 ; 0.0 ; 13.900046 ; 0.0
940 ; 0.005 ; 0.0 ; 13.905046 ; 0.0
941 ; 0.005 ; 0.0 ; 13.910047 ; 0.0
942 ; 0.005 ; 0.0 ; 13.915047 ; 0.0
943 ; 0.005 ; 0.0 ; 13.920047 ; 0.0
944 ; 0.005 ; 0.0 ; 13.925047 ; 0.0
945 ; 0.005 ; 0.0 ; 13.930047 ; 0.0
946 ; 0.005 ; 0.0 ; 13.935047 ; 0.0
947 ; 0.005 ; 0.0 ; 13.940047 ; 0.0
948 ; 0.005 ; 0.0 ; 13.945047 ; 0.0
949 ; 0.005 ; 0.0 ; 13.9500475 ; 0.0
950 ; 0.005 ; 0.0 ; 13.955048 ; 0.0
951 ; 0.005 ; 0.0 ; 13.960048 ; 0.0
952 ; 0.005 ; 0.0 ; 13.965048 ; 0.0
953 ; 0.005 ; 0.0 ; 13.970048 ; 0.0
954 ; 0.005 ; 0.0 ; 13.975048 ; 0.0
955 ; 0.005 ; 0.0 ; 13.980048 ; 0.0
956 ; 0.005 ; 0.0 ; 13.985048 ; 0.0
957 ; 0.005 ; 0.0 ; 13.990048 ; 0.0
958 ; 0.005 ; 0.0 ; 13.9950485 ; 0.0
959 ; 0.005 ; 0.0 ; 14.000049 ; 0.0
960 ; 0.005 ; 0.0 ; 14.005049 ; 0.0
961 ; 0.005 ; 0.0 ; 14.010049 ; 0.0
962 ; 0.005 ; 0.0 ; 14.015049 ; 0.0
963 ; 0.005 ; 0.0 ; 14.020049 ; 0.0
964 ; 0.005 ; 0.0 ; 14.025049 ; 0.0
965 ; 0.005 ; 0.0 ; 14.030049 ; 0.0
966 ; 0.005 ; 0.0 ; 14.035049 ; 0.0
967 ; 0.005 ; 0.0 ; 14.04005 ; 0.0
968 ; 0.005 ; 0.0 ; 14.04505 ; 0.0
969 ; 0.005 ; 0.0 ; 14.05005 ; 0.0
970 ; 0.005 ; 0.0 ; 14.05505 ; 0.0
971 ; 0.005 ; 0.0 ; 14.06005 ; 0.0
972 ; 0.005 ; 0.0 ; 14.06505 ; 0.0
973 ; 0.005 ; 0.0 ; 14.07005 ; 0.0
974 ; 0.005 ; 0.0 ; 14.07505 ; 0.0
975 ; 0.005 ; 0.0 ; 14.08005 ; 0.0
976 ; 0.005 ; 0.0 ; 14.085051 ; 0.0
977 ; 0.005 ; 0.0 ; 14.090051 ; 0.0
978 ; 0.005 ; 0.0 ; 14.095051 ; 0.0
979 ; 0.005 ; 0.0 ; 14.100051 ; 0.0
980 ; 0.005 ; 0.0 ; 14.105051 ; 0.0
981 ; 0.005 ; 0.0 ; 14.110051 ; 0.0
982 ; 0.005 ; 0.0 ; 14.115051 ; 0.0
983 ; 0.005 ; 0.0 ; 14.120051 ; 0.0
984 ; 0.005 ; 0.0 ; 14.1250515 ; 0.0
985 ; 0.005 ; 0.0 ; 14.130052 ; 0.0
986 ; 0.005 ; 0.0 ; 14.135052 ; 0.0
987 ; 0.005 ; 0.0 ; 14.140052 ; 0.0
988 ; 0.005 ; 0.0 ; 14.145052 ; 0.0
989 ; 0.005 ; 0.0 ; 14.150052 ; 0.0
990 ; 0.005 ; 0.0 ; 14.155052 ; 0.0
991 ; 0.005 ; 0.0 ; 14.160052 ; 0.0
992 ; 0.005 ; 0.0 ; 14.165052 ; 0.0
993 ; 0.005 ; 0.0 ; 14.170053 ; 0.0
994 ; 0.005 ; 0.0 ; 14.175053 ; 0.0
995 ; 0.005 ; 0.0 ; 14.180053 ; 0.0
996 ; 0.005 ; 0.0 ; 14.185053 ; 0.0
997 ; 0.005 ; 0.0 ; 14.190053 ; 0.0
998 ; 0.005 ; 0.0 ; 14.195053 ; 0.0
999 ; 0.005 ; 0.0 ; 14.200053 ; 0.0
1000 ; 0.005 ; 0.0 ; 14.205053 ; 0.0
1001 ; 0.005 ; 0.0 ; 14.210053 ; 0.0
1002 ; 0.005 ; 0.0 ; 14.215054 ; 0.0
1003 ; 0.005 ; 0.0 ; 14.220054 ; 0.0
1004 ; 0.005 ; 0.0 ; 14.225054 ; 0.0
1005 ; 0.005 ; 0.0 ; 14.230054 ; 0.0
1006 ; 0.005 ; 0.0 ; 14.235054 ; 0.0
1007 ; 0.005 ; 0.0 ; 14.240054 ; 0.0
1008 ; 0.005 ; 0.0 ; 14.245054 ; 0.0
1009 ; 0.005 ; 0.0 ; 14.250054 ; 0.0
1010 ; 0.005 ; 0.0 ; 14.255054 ; 0.0
1011 ; 0.005 ; 0.0 ; 14.260055 ; 0.0
1012 ; 0.005 ; 0.0 ; 14.265055 ; 0.0
1013 ; 0.005 ; 0.0 ; 14.270055 ; 0.0
1014 ; 0.005 ; 0.0 ; 14.275055 ; 0.0
1015 ; 0.005 ; 0.0 ; 14.280055 ; 0.0
1016 ; 0.005 ; 0.0 ; 14.285055 ; 0.0
1017 ; 0.005 ; 0.0 ; 14.290055 ; 0.0
1018 ; 0.005 ; 0.0 ; 14.295055 ; 0.0
1019 ; 0.005 ; 0.0 ; 14.3000555 ; 0.0
1020 ; 0.005 ; 0.0 ; 14.305056 ; 0.0
1021 ; 0.005 ; 0.0 ; 14.310056 ; 0.0
1022 ; 0.005 ; 0.0 ; 14.315056 ; 0.0
1023 ; 0.005 ; 0.0 ; 14.320056 ; 0.0
1024 ; 0.005 ; 0.0 ; 14.325056 ; 0.0
1025 ; 0.005 ; 0.0 ; 14.330056 ; 0.0
1026 ; 0.005 ; 0.0 ; 14.335056 ; 0.0
1027 ; 0.005 ; 0.0 ; 14.340056 ; 0.0
1028 ; 0.005 ; 0.0 ; 14.345057 ; 0.0
1029 ; 0.005 ; 0.0 ; 14.350057 ; 0.0
1030 ; 0.005 ; 0.0 ; 14.355057 ; 0.0
1031 ; 0.005 ; 0.0 ; 14.360057 ; 0.0
1032 ; 0.005 ; 0.0 ; 14.365057 ; 0.0
1033 ; 0.005 ; 0.0 ; 14.370057 ; 0.0
1034 ; 0.005 ; 0.0 ; 14.375057 ; 0.0
1035 ; 0.005 ; 0.0 ; 14.380057 ; 0.0
1036 ; 0.005 ; 0.0 ; 14.385057 ; 0.0
1037 ; 0.005 ; 0.0 ; 14.390058 ; 0.0
1038 ; 0.005 ; 0.0 ; 14.395058 ; 0.0
1039 ; 0.005 ; 0.0 ; 14.400058 ; 0.0
1040 ; 0.005 ; 0.0 ; 14.405058 ; 0.0
1041 ; 0.005 ; 0.0 ; 14.410058 ; 0.0
1042 ; 0.005 ; 0.0 ; 14.415058 ; 0.0
1043 ; 0.005 ; 0.0 ; 14.420058 ; 0.0
1044 ; 0.005 ; 0.0 ; 14.425058 ; 0.0
1045 ; 0.005 ; 0.0 ; 14.4300585 ; 0.0
1046 ; 0.005 ; 0.0 ; 14.435059 ; 0.0
1047 ; 0.005 ; 0.0 ; 14.440059 ; 0.0
1048 ; 0.005 ; 0.0 ; 14.445059 ; 0.0
1049 ; 0.005 ; 0.0 ; 14.450059 ; 0.0
1050 ; 0.005 ; 0.0 ; 14.455059 ; 0.0
1051 ; 0.005 ; 0.0 ; 14.460059 ; 0.0
1052 ; 0.005 ; 0.0 ; 14.465059 ; 0.0
1053 ; 0.005 ; 0.0 ; 14.470059 ; 0.0
1054 ; 0.005 ; 0.0 ; 14.4750595 ; 0.0
1055 ; 0.005 ; 0.0 ; 14.48006 ; 0.0
1056 ; 0.005 ; 0.0 ; 14.48506 ; 0.0
1057 ; 0.005 ; 0.0 ; 14.49006 ; 0.0
1058 ; 0.005 ; 0.0 ; 14.49506 ; 0.0
1059 ; 0.005 ; 0.0 ; 14.50006 ; 0.0
1060 ; 0.005 ; 0.0 ; 14.50506 ; 0.0
1061 ; 0.005 ; 0.0 ; 14.51006 ; 0.0
1062 ; 0.005 ; 0.0 ; 14.51506 ; 0.0
1063 ; 0.005 ; 0.0 ; 14.520061 ; 0.0
1064 ; 0.005 ; 0.0 ; 14.525061 ; 0.0
1065 ; 0.005 ; 0.0 ; 14.530061 ; 0.0
1066 ; 0.005 ; 0.0 ; 14.535061 ; 0.0
1067 ; 0.005 ; 0.0 ; 14.540061 ; 0.0
1068 ; 0.005 ; 0.0 ; 14.545061 ; 0.0
1069 ; 0.005 ; 0.0 ; 14.550061 ; 0.0
1070 ; 0.005 ; 0.0 ; 14.555061 ; 0.0
1071 ; 0.005 ; 0.0 ; 14.560061 ; 0.0
1072 ; 0.005 ; 0.0 ; 14.565062 ; 0.0
1073 ; 0.005 ; 0.0 ; 14.570062 ; 0.0
1074 ; 0.005 ; 0.0 ; 14.575062 ; 0.0
1075 ; 0.005 ; 0.0 ; 14.580062 ; 0.0
1076 ; 0.005 ; 0.0 ; 14.585062 ; 0.0
1077 ; 0.005 ; 0.0 ; 14.590062 ; 0.0
1078 ; 0.005 ; 0.0 ; 14.595062 ; 0.0
1079 ; 0.005 ; 0.0 ; 14.600062 ; 0.0
1080 ; 0.005 ; 0.0 ; 14.6050625 ; 0.0
1081 ; 0.005 ; 0.0 ; 14.610063 ; 0.0
1082 ; 0.005 ; 0.0 ; 14.615063 ; 0.0
1083 ; 0.005 ; 0.0 ; 14.620063 ; 0.0
1084 ; 0.005 ; 0.0 ; 14.625063 ; 0.0
1085 ; 0.005 ; 0.0 ; 14.630063 ; 0.0
1086 ; 0.005 ; 0.0 ; 14.635063 ; 0.0
1087 ; 0.005 ; 0.0 ; 14.640063 ; 0.0
1088 ; 0.005 ; 0.0 ; 14.645063 ; 0.0
1089 ; 0.005 ; 0.0 ; 14.6500635 ; 0.0
1090 ; 0.005 ; 0.0 ; 14.655064 ; 0.0
1091 ; 0.005 ; 0.0 ; 14.660064 ; 0.0
1092 ; 0.005 ; 0.0 ; 14.665064 ; 0.0
1093 ; 0.005 ; 0.0 ; 14.670064 ; 0.0
1094 ; 0.005 ; 0.0 ; 14.675064 ; 0.0
1095 ; 0.005 ; 0.0 ; 14.680064 ; 0.0
1096 ; 0.005 ; 0.0 ; 14.685064 ; 0.0
1097 ; 0.005 ; 0.0 ; 14.690064 ; 0.0
1098 ; 0.005 ; 0.0 ; 14.695065 ; 0.0
1099 ; 0.005 ; 0.0 ; 14.700065 ; 0.0
1100 ; 0.005 ; 0.0 ; 14.705065 ; 0.0
1101 ; 0.005 ; 0.0 ; 14.710065 ; 0.0
1102 ; 0.005 ; 0.0 ; 14.715065 ; 0.0
1103 ; 0.005 ; 0.0 ; 14.720065 ; 0.0
1104 ; 0.005 ; 0.0 ; 14.725065 ; 0.0
1105 ; 0.005 ; 0.0 ; 14.730065 ; 0.0
1106 ; 0.005 ; 0.0 ; 14.735065 ; 0.0
1107 ; 0.005 ; 0.0 ; 14.740066 ; 0.0
1108 ; 0.005 ; 0.0 ; 14.745066 ; 0.0
1109 ; 0.005 ; 0.0 ; 14.750066 ; 0.0
1110 ; 0.005 ; 0.0 ; 14.755066 ; 0.0
1111 ; 0.005 ; 0.0 ; 14.760066 ; 0.0
1112 ; 0.005 ; 0.0 ; 14.765066 ; 0.0
1113 ; 0.005 ; 0.0 ; 14.770066 ; 0.0
1114 ; 0.005 ; 0.0 ; 14.775066 ; 0.0
1115 ; 0.005 ; 0.0 ; 14.7800665 ; 0.0
1116 ; 0.005 ; 0.0 ; 14.785067 ; 0.0
1117 ; 0.005 ; 0.0 ; 14.790067 ; 0.0
1118 ; 0.005 ; 0.0 ; 14.795067 ; 0.0
1119 ; 0.005 ; 0.0 ; 14.800067 ; 0.0
1120 ; 0.005 ; 0.0 ; 14.805067 ; 0.0
1121 ; 0.005 ; 0.0 ; 14.810067 ; 0.0
1122 ; 0.005 ; 0.0 ; 14.815067 ; 0.0
1123 ; 0.005 ; 0.0 ; 14.820067 ; 0.0
1124 ; 0.005 ; 0.0 ; 14.8250675 ; 0.0
1125 ; 0.005 ; 0.0 ; 14.830068 ; 0.0
1126 ; 0.005 ; 0.0 ; 14.835068 ; 0.0
1127 ; 0.005 ; 0.0 ; 14.840068 ; 0.0
1128 ; 0.005 ; 0.0 ; 14.845068 ; 0.0
1129 ; 0.005 ; 0.0 ; 14.850068 ; 0.0
1130 ; 0.005 ; 0.0 ; 14.855068 ; 0.0
1131 ; 0.005 ; 0.0 ; 14.860068 ; 0.0
1132 ; 0.005 ; 0.0 ; 14.865068 ; 0.0
1133 ; 0.005 ; 0.0 ; 14.870069 ; 0.0
1134 ; 0.005 ; 0.0 ; 14.875069 ; 0.0
1135 ; 0.005 ; 0.0 ; 14.880069 ; 0.0
1136 ; 0.005 ; 0.0 ; 14.885069 ; 0.0
1137 ; 0.005 ; 0.0 ; 14.890069 ; 0.0
1138 ; 0.005 ; 0.0 ; 14.895069 ; 0.0
1139 ; 0.005 ; 0.0 ; 14.900069 ; 0.0
1140 ; 0.006666667 ; 0.0 ; 14.906736 ; 0.0
1141 ; 0.006666667 ; 0.0 ; 14.9134035 ; 0.0
1142 ; 0.006666667 ; 0.0 ; 14.920071 ; 0.0
1143 ; 0.006666667 ; 0.0 ; 14.926738 ; 0.0
1144 ; 0.006666667 ; 0.0 ; 14.933405 ; 0.0
1145 ; 0.006666667 ; 0.0 ; 14.940072 ; 0.0
1146 ; 0.006666667 ; 0.0 ; 14.946739 ; 0.0
1147 ; 0.006666667 ; 0.0 ; 14.953406 ; 0.0
1148 ; 0.006666667 ; 0.0 ; 14.960073 ; 0.0
1149 ; 0.006666667 ; 0.0 ; 14.966741 ; 0.0
1150 ; 0.006666667 ; 0.0 ; 14.973408 ; 0.0
1151 ; 0.006666667 ; 0.0 ; 14.980075 ; 0.0
1152 ; 0.006666667 ; 0.0 ; 14.986742 ; 0.0
1153 ; 0.006666667 ; 0.0 ; 14.993409 ; 0.0
1154 ; 0.006666667 ; 0.0 ; 15.000076 ; 0.0
1155 ; 0.006666667 ; 0.0 ; 15.006743 ; 0.0
1156 ; 0.006666667 ; 0.0 ; 15.013411 ; 0.0
1157 ; 0.006666667 ; 0.0 ; 15.020078 ; 0.0
1158 ; 0.006666667 ; 0.0 ; 15.026745 ; 0.0
1159 ; 0.006666667 ; 0.0 ; 15.033412 ; 0.0
1160 ; 0.006666667 ; 0.0 ; 15.040079 ; 0.0
1161 ; 0.006666667 ; 0.0 ; 15.046746 ; 0.0
1162 ; 0.006666667 ; 0.0 ; 15.053413 ; 0.0
1163 ; 0.006666667 ; 0.0 ; 15.060081 ; 0.0
1164 ; 0.006666667 ; 0.0 ; 15.066748 ; 0.0
1165 ; 0.006666667 ; 0.0 ; 15.073415 ; 0.0
1166 ; 0.006666667 ; 0.0 ; 15.080082 ; 0.0
1167 ; 0.006666667 ; 0.0 ; 15.086749 ; 0.0
1168 ; 0.006666667 ; 0.0 ; 15.093416 ; 0.0
1169 ; 0.006666667 ; 0.0 ; 15.100083 ; 0.0
1170 ; 0.006666667 ; 0.0 ; 15.1067505 ; 0.0
1171 ; 0.006666667 ; 0.0 ; 15.113418 ; 0.0
1172 ; 0.006666667 ; 0.0 ; 15.120085 ; 0.0
1173 ; 0.006666667 ; 0.0 ; 15.126752 ; 0.0
1174 ; 0.006666667 ; 0.0 ; 15.133419 ; 0.0
1175 ; 0.006666667 ; 0.0 ; 15.140086 ; 0.0
1176 ; 0.006666667 ; 0.0 ; 15.146753 ; 0.0
1177 ; 0.006666667 ; 0.0 ; 15.15342 ; 0.0
1178 ; 0.006666667 ; 0.0 ; 15.160088 ; 0.0
1179 ; 0.006666667 ; 0.0 ; 15.166755 ; 0.0
1180 ; 0.006666667 ; 0.0 ; 15.173422 ; 0.0
1181 ; 0.006666667 ; 0.0 ; 15.180089 ; 0.0
1182 ; 0.006666667 ; 0.0 ; 15.186756 ; 0.0
1183 ; 0.006666667 ; 0.0 ; 15.193423 ; 0.0
1184 ; 0.006666667 ; 0.0 ; 15.20009 ; 0.0
1185 ; 0.006666667 ; 0.0 ; 15.206758 ; 0.0
1186 ; 0.006666667 ; 0.0 ; 15.213425 ; 0.0
1187 ; 0.006666667 ; 0.0 ; 15.220092 ; 0.0
1188 ; 0.006666667 ; 0.0 ; 15.226759 ; 0.0
1189 ; 0.006666667 ; 0.0 ; 15.233426 ; 0.0
1190 ; 0.006666667 ; 0.0 ; 15.240093 ; 0.0
1191 ; 0.006666667 ; 0.0 ; 15.24676 ; 0.0
1192 ; 0.006666667 ; 0.0 ; 15.2534275 ; 0.0
1193 ; 0.006666667 ; 0.0 ; 15.260095 ; 0.0
1194 ; 0.006666667 ; 0.0 ; 15.266762 ; 0.0
1195 ; 0.006666667 ; 0.0 ; 15.273429 ; 0.0
1196 ; 0.006666667 ; 0.0 ; 15.280096 ; 0.0
1197 ; 0.006666667 ; 0.0 ; 15.286763 ; 0.0
1198 ; 0.006666667 ; 0.0 ; 15.29343 ; 0.0
1199 ; 0.006666667 ; 0.0 ; 15.300097 ; 0.0
1200 ; 0.17166667 ; 0.0 ; 15.471765 ; 0.0
1201 ; 0.17166667 ; 0.0 ; 15.643432 ; 0.0
1202 ; 0.17166667 ; 0.0 ; 15.815099 ; 0.0
1203 ; 0.17166667 ; 0.0 ; 15.986766 ; 0.0
1204 ; 0.17166667 ; 0.0 ; 16.158432 ; 0.0
1205 ; 0.17166667 ; 0.0 ; 16.3301 ; 0.0
1206 ; 0.17166667 ; 0.0 ; 16.501766 ; 0.0
1207 ; 0.17166667 ; 0.0 ; 16.673433 ; 0.0
1208 ; 0.17166667 ; 0.0 ; 16.8451 ; 0.0
1209 ; 0.17166667 ; 0.0 ; 17.016768 ; 0.0
1210 ; 0.17166667 ; 0.0 ; 17.188435 ; 0.0
1211 ; 0.17166667 ; 0.0 ; 17.360102 ; 0.0
1212 ; 0.17166667 ; 0.0 ; 17.531769 ; 0.0
1213 ; 0.17166667 ; 0.0 ; 17.703436 ; 0.0
1214 ; 0.17166667 ; 0.0 ; 17.875103 ; 0.0
1215 ; 0.17166667 ; 0.0 ; 18.04677 ; 0.0
1216 ; 0.17166667 ; 0.0 ; 18.218437 ; 0.0
1217 ; 0.17166667 ; 0.0 ; 18.390104 ; 0.0
1218 ; 0.17166667 ; 0.0 ; 18.561771 ; 0.0
1219 ; 0.17166667 ; 0.0 ; 18.733438 ; 0.0
1220 ; 0.17166667 ; 0.0 ; 18.905106 ; 0.0
1221 ; 0.17166667 ; 0.0 ; 19.076773 ; 0.0
1222 ; 0.17166667 ; 0.0 ; 19.24844 ; 0.0
1223 ; 0.17166667 ; 0.0 ; 19.420107 ; 0.0
1224 ; 0.17166667 ; 0.0 ; 19.591774 ; 0.0
1225 ; 0.17166667 ; 0.0 ; 19.763441 ; 0.0
1226 ; 0.17166667 ; 0.0 ; 19.935108 ; 0.0
1227 ; 0.17166667 ; 0.0 ; 20.106775 ; 0.0
1228 ; 0.17166667 ; 0.0 ; 20.278442 ; 0.0
1229 ; 0.17166667 ; 0.0 ; 20.45011 ; 0.0
1230 ; 0.17166667 ; 0.0 ; 20.621777 ; 0.0
1231 ; 0.17166667 ; 0.0 ; 20.793444 ; 0.0
1232 ; 0.17166667 ; 0.0 ; 20.96511 ; 0.0
1233 ; 0.17166667 ; 0.0 ; 21.136778 ; 0.0
1234 ; 0.17166667 ; 0.0 ; 21.308445 ; 0.0
1235 ; 0.17166667 ; 0.0 ; 21.480112 ; 0.0
1236 ; 0.17166667 ; 0.0 ; 21.65178 ; 0.0
1237 ; 0.17166667 ; 0.0 ; 21.823446 ; 0.0
1238 ; 0.17166667 ; 0.0 ; 21.995113 ; 0.0
1239 ; 0.17166667 ; 0.0 ; 22.16678 ; 0.0
1240 ; 0.17166667 ; 0.0 ; 22.338448 ; 0.0
1241 ; 0.17166667 ; 0.0 ; 22.510115 ; 0.0
1242 ; 0.17166667 ; 0.0 ; 22.681782 ; 0.0
1243 ; 0.17166667 ; 0.0 ; 22.853449 ; 0.0
1244 ; 0.17166667 ; 0.0 ; 23.025116 ; 0.0
1245 ; 0.17166667 ; 0.0 ; 23.196783 ; 0.0
1246 ; 0.17166667 ; 0.0 ; 23.36845 ; 0.0
1247 ; 0.17166667 ; 0.0 ; 23.540117 ; 0.0
1248 ; 0.17166667 ; 0.0 ; 23.711784 ; 0.0
1249 ; 0.17166667 ; 0.0 ; 23.883451 ; 0.0
1250 ; 0.17166667 ; 0.0 ; 24.055119 ; 0.0
1251 ; 0.17166667 ; 0.0 ; 24.226786 ; 0.0
1252 ; 0.17166667 ; 0.0 ; 24.398453 ; 0.0
1253 ; 0.17166667 ; 0.0 ; 24.57012 ; 0.0
1254 ; 0.17166667 ; 0.0 ; 24.741787 ; 0.0
1255 ; 0.17166667 ; 0.0 ; 24.913454 ; 0.0
1256 ; 0.17166667 ; 0.0 ; 25.085121 ; 0.0
1257 ; 0.17166667 ; 0.0 ; 25.256788 ; 0.0
1258 ; 0.17166667 ; 0.0 ; 25.428455 ; 0.0
1259 ; 0.17166667 ; 0.0 ; 25.600122 ; 0.0
1260 ; 0.005 ; 0.0 ; 25.605122 ; 0.0
1261 ; 0.005 ; 0.0 ; 25.61012 ; 0.0
1262 ; 0.005 ; 0.0 ; 25.61512 ; 0.0
1263 ; 0.005 ; 0.0 ; 25.62012 ; 0.0
1264 ; 0.005 ; 0.0 ; 25.625118 ; 0.0
1265 ; 0.005 ; 0.0 ; 25.630117 ; 0.0
1266 ; 0.005 ; 0.0 ; 25.635117 ; 0.0
1267 ; 0.005 ; 0.0 ; 25.640116 ; 0.0
1268 ; 0.005 ; 0.0 ; 25.645115 ; 0.0
1269 ; 0.005 ; 0.0 ; 25.650114 ; 0.0
1270 ; 0.005 ; 0.0 ; 25.655113 ; 0.0
1271 ; 0.005 ; 0.0 ; 25.660112 ; 0.0
1272 ; 0.005 ; 0.0 ; 25.665112 ; 0.0
1273 ; 0.005 ; 0.0 ; 25.67011 ; 0.0
1274 ; 0.005 ; 0.0 ; 25.67511 ; 0.0
1275 ; 0.005 ; 0.0 ; 25.680109 ; 0.0
1276 ; 0.005 ; 0.0 ; 25.685108 ; 0.0
1277 ; 0.005 ; 0.0 ; 25.690107 ; 0.0
1278 ; 0.005 ; 0.0 ; 25.695107 ; 0.0
1279 ; 0.005 ; 0.0 ; 25.700106 ; 0.0
1280 ; 0.005 ; 0.0 ; 25.705105 ; 0.0
1281 ; 0.005 ; 0.0 ; 25.710104 ; 0.0
1282 ; 0.005 ; 0.0 ; 25.715103 ; 0.0
1283 ; 0.005 ; 0.0 ; 25.720102 ; 0.0
1284 ; 0.005 ; 0.0 ; 25.725101 ; 0.0
1285 ; 0.005 ; 0.0 ; 25.7301 ; 0.0
1286 ; 0.005 ; 0.0 ; 25.7351 ; 0.0
1287 ; 0.005 ; 0.0 ; 25.740099 ; 0.0
1288 ; 0.005 ; 0.0 ; 25.745098 ; 0.0
1289 ; 0.005 ; 0.0 ; 25.750097 ; 0.0
1290 ; 0.005 ; 0.0 ; 25.755096 ; 0.0
1291 ; 0.005 ; 0.0 ; 25.760096 ; 0.0
1292 ; 0.005 ; 0.0 ; 25.765095 ; 0.0
1293 ; 0.005 ; 0.0 ; 25.770094 ; 0.0
1294 ; 0.005 ; 0.0 ; 25.775093 ; 0.0
1295 ; 0.005 ; 0.0 ; 25.780092 ; 0.0
1296 ; 0.005 ; 0.0 ; 25.785091 ; 0.0
1297 ; 0.005 ; 0.0 ; 25.79009 ; 0.0
1298 ; 0.005 ; 0.0 ; 25.79509 ; 0.0
1299 ; 0.005 ; 0.0 ; 25.800089 ; 0.0
1300 ; 0.005 ; 0.0 ; 25.805088 ; 0.0
1301 ; 0.005 ; 0.0 ; 25.810087 ; 0.0
1302 ; 0.005 ; 0.0 ; 25.815086 ; 0.0
1303 ; 0.005 ; 0.0 ; 25.820086 ; 0.0
1304 ; 0.005 ; 0.0 ; 25.825085 ; 0.0
1305 ; 0.005 ; 0.0 ; 25.830084 ; 0.0
1306 ; 0.005 ; 0.0 ; 25.835083 ; 0.0
1307 ; 0.005 ; 0.0 ; 25.840082 ; 0.0
1308 ; 0.005 ; 0.0 ; 25.845081 ; 0.0
1309 ; 0.005 ; 0.0 ; 25.85008 ; 0.0
1310 ; 0.005 ; 0.0 ; 25.85508 ; 0.0
1311 ; 0.005 ; 0.0 ; 25.860079 ; 0.0
1312 ; 0.005 ; 0.0 ; 25.865078 ; 0.0
1313 ; 0.005 ; 0.0 ; 25.870077 ; 0.0
1314 ; 0.005 ; 0.0 ; 25.875076 ; 0.0
1315 ; 0.005 ; 0.0 ; 25.880075 ; 0.0
1316 ; 0.005 ; 0.0 ; 25.885075 ; 0.0
1317 ; 0.005 ; 0.0 ; 25.890074 ; 0.0
1318 ; 0.005 ; 0.0 ; 25.895073 ; 0.0
1319 ; 0.005 ; 0.0 ; 25.900072 ; 0.0
1320 ; 0.005 ; 0.0 ; 25.905071 ; 0.0
1321 ; 0.005 ; 0.0 ; 25.91007 ; 0.0
1322 ; 0.005 ; 0.0 ; 25.91507 ; 0.0
1323 ; 0.005 ; 0.0 ; 25.920069 ; 0.0
1324 ; 0.005 ; 0.0 ; 25.925068 ; 0.0
1325 ; 0.005 ; 0.0 ; 25.930067 ; 0.0
1326 ; 0.005 ; 0.0 ; 25.935066 ; 0.0
1327 ; 0.005 ; 0.0 ; 25.940065 ; 0.0
1328 ; 0.005 ; 0.0 ; 25.945065 ; 0.0
1329 ; 0.005 ; 0.0 ; 25.950064 ; 0.0
1330 ; 0.005 ; 0.0 ; 25.955063 ; 0.0
1331 ; 0.005 ; 0.0 ; 25.960062 ; 0.0
1332 ; 0.005 ; 0.0 ; 25.965061 ; 0.0
1333 ; 0.005 ; 0.0 ; 25.97006 ; 0.0
1334 ; 0.005 ; 0.0 ; 25.97506 ; 0.0
1335 ; 0.005 ; 0.0 ; 25.980059 ; 0.0
1336 ; 0.005 ; 0.0 ; 25.985058 ; 0.0
1337 ; 0.005 ; 0.0 ; 25.990057 ; 0.0
1338 ; 0.005 ; 0.0 ; 25.995056 ; 0.0
1339 ; 0.005 ; 0.0 ; 26.000055 ; 0.0
1340 ; 0.005 ; 0.0 ; 26.005054 ; 0.0
1341 ; 0.005 ; 0.0 ; 26.010054 ; 0.0
1342 ; 0.005 ; 0.0 ; 26.015053 ; 0.0
1343 ; 0.005 ; 0.0 ; 26.020052 ; 0.0
1344 ; 0.005 ; 0.0 ; 26.025051 ; 0.0
1345 ; 0.005 ; 0.0 ; 26.03005 ; 0.0
1346 ; 0.005 ; 0.0 ; 26.03505 ; 0.0
1347 ; 0.005 ; 0.0 ; 26.040049 ; 0.0
1348 ; 0.005 ; 0.0 ; 26.045048 ; 0.0
1349 ; 0.005 ; 0.0 ; 26.050047 ; 0.0
1350 ; 0.005 ; 0.0 ; 26.055046 ; 0.0
1351 ; 0.005 ; 0.0 ; 26.060045 ; 0.0
1352 ; 0.005 ; 0.0 ; 26.065044 ; 0.0
1353 ; 0.005 ; 0.0 ; 26.070044 ; 0.0
1354 ; 0.005 ; 0.0 ; 26.075043 ; 0.0
1355 ; 0.005 ; 0.0 ; 26.080042 ; 0.0
1356 ; 0.005 ; 0.0 ; 26.085041 ; 0.0
1357 ; 0.005 ; 0.0 ; 26.09004 ; 0.0
1358 ; 0.005 ; 0.0 ; 26.09504 ; 0.0
1359 ; 0.005 ; 0.0 ; 26.100039 ; 0.0
1360 ; 0.005 ; 0.0 ; 26.105038 ; 0.0
1361 ; 0.005 ; 0.0 ; 26.110037 ; 0.0
1362 ; 0.005 ; 0.0 ; 26.115036 ; 0.0
1363 ; 0.005 ; 0.0 ; 26.120035 ; 0.0
1364 ; 0.005 ; 0.0 ; 26.125034 ; 0.0
1365 ; 0.005 ; 0.0 ; 26.130033 ; 0.0
1366 ; 0.005 ; 0.0 ; 26.135033 ; 0.0
1367 ; 0.005 ; 0.0 ; 26.140032 ; 0.0
1368 ; 0.005 ; 0.0 ; 26.145031 ; 0.0
1369 ; 0.005 ; 0.0 ; 26.15003 ; 0.0
1370 ; 0.005 ; 0.0 ; 26.15503 ; 0.0
1371 ; 0.005 ; 0.0 ; 26.160028 ; 0.0
1372 ; 0.005 ; 0.0 ; 26.165028 ; 0.0
1373 ; 0.005 ; 0.0 ; 26.170027 ; 0.0
1374 ; 0.005 ; 0.0 ; 26.175026 ; 0.0
1375 ; 0.005 ; 0.0 ; 26.180025 ; 0.0
1376 ; 0.005 ; 0.0 ; 26.185024 ; 0.0
1377 ; 0.005 ; 0.0 ; 26.190023 ; 0.0
1378 ; 0.005 ; 0.0 ; 26.195023 ; 0.0
1379 ; 0.005 ; 0.0 ; 26.200022 ; 0.0
1380 ; 0.0033333334 ; 0.0 ; 26.203356 ; 0.0
1381 ; 0.0033333334 ; 0.0 ; 26.20669 ; 0.0
1382 ; 0.0033333334 ; 0.0 ; 26.210024 ; 0.0
1383 ; 0.0033333334 ; 0.0 ; 26.213358 ; 0.0
1384 ; 0.0033333334 ; 0.0 ; 26.216692 ; 0.0
1385 ; 0.0033333334 ; 0.0 ; 26.220026 ; 0.0
1386 ; 0.0033333334 ; 0.0 ; 26.22336 ; 0.0
1387 ; 0.0033333334 ; 0.0 ; 26.226694 ; 0.0
1388 ; 0.0033333334 ; 0.0 ; 26.230028 ; 0.0
1389 ; 0.0033333334 ; 0.0 ; 26.233362 ; 0.0
1390 ; 0.0033333334 ; 0.0 ; 26.236696 ; 0.0
1391 ; 0.0033333334 ; 0.0 ; 26.24003 ; 0.0
1392 ; 0.0033333334 ; 0.0 ; 26.243364 ; 0.0
1393 ; 0.0033333334 ; 0.0 ; 26.246698 ; 0.0
1394 ; 0.0033333334 ; 0.0 ; 26.250032 ; 0.0
1395 ; 0.0033333334 ; 0.0 ; 26.253366 ; 0.0
1396 ; 0.0033333334 ; 0.0 ; 26.2567 ; 0.0
1397 ; 0.0033333334 ; 0.0 ; 26.260035 ; 0.0
1398 ; 0.0033333334 ; 0.0 ; 26.263369 ; 0.0
1399 ; 0.0033333334 ; 0.0 ; 26.266703 ; 0.0
1400 ; 0.0033333334 ; 0.0 ; 26.270037 ; 0.0
1401 ; 0.0033333334 ; 0.0 ; 26.27337 ; 0.0
1402 ; 0.0033333334 ; 0.0 ; 26.276705 ; 0.0
1403 ; 0.0033333334 ; 0.0 ; 26.280039 ; 0.0
1404 ; 0.0033333334 ; 0.0 ; 26.283373 ; 0.0
1405 ; 0.0033333334 ; 0.0 ; 26.286707 ; 0.0
1406 ; 0.0033333334 ; 0.0 ; 26.290041 ; 0.0
1407 ; 0.0033333334 ; 0.0 ; 26.293375 ; 0.0
1408 ; 0.0033333334 ; 0.0 ; 26.29671 ; 0.0
1409 ; 0.0033333334 ; 0.0 ; 26.300043 ; 0.0
1410 ; 0.0033333334 ; 0.0 ; 26.303377 ; 0.0
1411 ; 0.0033333334 ; 0.0 ; 26.306711 ; 0.0
1412 ; 0.0033333334 ; 0.0 ; 26.310045 ; 0.0
1413 ; 0.0033333334 ; 0.0 ; 26.31338 ; 0.0
1414 ; 0.0033333334 ; 0.0 ; 26.316713 ; 0.0
1415 ; 0.0033333334 ; 0.0 ; 26.320047 ; 0.0
1416 ; 0.0033333334 ; 0.0 ; 26.323381 ; 0.0
1417 ; 0.0033333334 ; 0.0 ; 26.326715 ; 0.0
1418 ; 0.0033333334 ; 0.0 ; 26.33005 ; 0.0
1419 ; 0.0033333334 ; 0.0 ; 26.333384 ; 0.0
1420 ; 0.0033333334 ; 0.0 ; 26.336718 ; 0.0
1421 ; 0.0033333334 ; 0.0 ; 26.340052 ; 0.0
1422 ; 0.0033333334 ; 0.0 ; 26.343386 ; 0.0
1423 ; 0.0033333334 ; 0.0 ; 26.34672 ; 0.0
1424 ; 0.0033333334 ; 0.0 ; 26.350054 ; 0.0
1425 ; 0.0033333334 ; 0.0 ; 26.353388 ; 0.0
1426 ; 0.0033333334 ; 0.0 ; 26.356722 ; 0.0
1427 ; 0.0033333334 ; 0.0 ; 26.360056 ; 0.0
1428 ; 0.0033333334 ; 0.0 ; 26.36339 ; 0.0
1429 ; 0.0033333334 ; 0.0 ; 26.366724 ; 0.0
1430 ; 0.0033333334 ; 0.0 ; 26.370058 ; 0.0
1431 ; 0.0033333334 ; 0.0 ; 26.373392 ; 0.0
1432 ; 0.0033333334 ; 0.0 ; 26.376726 ; 0.0
1433 ; 0.0033333334 ; 0.0 ; 26.38006 ; 0.0
1434 ; 0.0033333334 ; 0.0 ; 26.383394 ; 0.0
1435 ; 0.0033333334 ; 0.0 ; 26.386728 ; 0.0
1436 ; 0.0033333334 ; 0.0 ; 26.390062 ; 0.0
1437 ; 0.0033333334 ; 0.0 ; 26.393396 ; 0.0
1438 ; 0.0033333334 ; 0.0 ; 26.39673 ; 0.0
1439 ; 0.0033333334 ; 0.0 ; 26.400064 ; 0.0
