0 ; 0.0 ; 16.666666 ; 0.0 ; 16.666666
1 ; 0.0 ; 16.666666 ; 0.0 ; 33.333332
2 ; 0.0 ; 0.0 ; 0.0 ; 33.333332
3 ; 0.0 ; 16.666666 ; 0.0 ; 50.0
4 ; 0.0 ; 16.666666 ; 0.0 ; 66.666664
5 ; 0.0 ; 16.666666 ; 0.0 ; 83.33333
6 ; 0.0 ; 16.666666 ; 0.0 ; 99.99999
7 ; 0.0 ; 0.0 ; 0.0 ; 99.99999
8 ; 0.0 ; 0.0 ; 0.0 ; 99.99999
9 ; 0.0 ; 0.0 ; 0.0 ; 99.99999
10 ; 0.0 ; 0.0 ; 0.0 ; 99.99999
11 ; 0.0 ; 0.0 ; 0.0 ; 99.99999
12 ; 0.0 ; 0.0 ; 0.0 ; 99.99999
13 ; 0.0 ; 16.666666 ; 0.0 ; 116.66666
14 ; 0.0 ; 16.666666 ; 0.0 ; 133.33333
15 ; 0.0 ; 0.0 ; 0.0 ; 133.33333
16 ; 0.0 ; 16.666666 ; 0.0 ; 150.0
17 ; 0.0 ; 16.666666 ; 0.0 ; 166.66667
18 ; 0.0 ; 16.666666 ; 0.0 ; 183.33334
19 ; 0.0 ; 0.0 ; 0.0 ; 183.33334
20 ; 0.0 ; 0.0 ; 0.0 ; 183.33334
21 ; 0.0 ; 0.0 ; 0.0 ; 183.33334
22 ; 0.0 ; 16.666666 ; 0.0 ; 200.00002
23 ; 0.0 ; 0.0 ; 0.0 ; 200.00002
24 ; 0.0 ; 16.666666 ; 0.0 ; 216.66669
25 ; 0.0 ; 16.666666 ; 0.0 ; 233.33336
26 ; 0.0 ; 16.666666 ; 0.0 ; 250.00003
27 ; 0.0 ; 0.0 ; 0.0 ; 250.00003
28 ; 0.0 ; 0.0 ; 0.0 ; 250.00003
29 ; 0.0 ; 0.0 ; 0.0 ; 250.00003
30 ; 0.0 ; 0.0 ; 0.0 ; 250.00003
31 ; 0.0 ; 16.666666 ; 0.0 ; 266.6667
32 ; 0.0 ; 0.0 ; 0.0 ; 266.6667
33 ; 0.0 ; 0.0 ; 0.0 ; 266.6667
34 ; 0.0 ; 0.0 ; 0.0 ; 266.6667
35 ; 0.0 ; 16.666666 ; 0.0 ; 283.33334
36 ; 0.0 ; 0.0 ; 0.0 ; 283.33334
37 ; 0.0 ; 0.0 ; 0.0 ; 283.33334
38 ; 0.0 ; 16.666666 ; 0.0 ; 300.0
39 ; 0.0 ; 16.666666 ; 0.0 ; 316.66666
40 ; 0.0 ; 16.666666 ; 0.0 ; 333.3333
41 ; 0.0 ; 16.666666 ; 0.0 ; 349.99997
42 ; 0.0 ; 0.0 ; 0.0 ; 349.99997
43 ; 0.0 ; 16.666666 ; 0.0 ; 366.66663
44 ; 0.0 ; 16.666666 ; 0.0 ; 383.33328
45 ; 0.0 ; 0.0 ; 0.0 ; 383.33328
46 ; 0.0 ; 16.666666 ; 0.0 ; 399.99994
47 ; 0.0 ; 16.666666 ; 0.0 ; 416.6666
48 ; 0.0 ; 16.666666 ; 0.0 ; 433.33325
49 ; 0.0 ; 0.0 ; 0.0 ; 433.33325
50 ; 0.0 ; 16.666666 ; 0.0 ; 449.9999
51 ; 0.0 ; 16.666666 ; 0.0 ; 466.66656
52 ; 0.0 ; 0.0 ; 0.0 ; 466.66656
53 ; 0.0 ; 0.0 ; 0.0 ; 466.66656
54 ; 0.0 ; 0.0 ; 0.0 ; 466.66656
55 ; 0.0 ; 0.0 ; 0.0 ; 466.66656
56 ; 0.0 ; 0.0 ; 0.0 ; 466.66656
57 ; 0.0 ; 16.666666 ; 0.0 ; 483.33322
58 ; 0.0 ; 16.666666 ; 0.0 ; 499.99988
59 ; 0.0 ; 0.0 ; 0.0 ; 499.99988
60 ; 0.0 ; 16.666666 ; 0.0 ; 516.66656
61 ; 0.0 ; 16.666666 ; 0.0 ; 533.33325
62 ; 0.0 ; 16.666666 ; 0.0 ; 549.99994
63 ; 0.0 ; 0.0 ; 0.0 ; 549.99994
64 ; 0.0 ; 16.666666 ; 0.0 ; 566.6666
65 ; 0.0 ; 16.666666 ; 0.0 ; 583.3333
66 ; 0.0 ; 16.666666 ; 0.0 ; 600.0
67 ; 0.0 ; 0.0 ; 0.0 ; 600.0
68 ; 0.0 ; 16.666666 ; 0.0 ; 616.6667
69 ; 0.0 ; 16.666666 ; 0.0 ; 633.3334
70 ; 0.0 ; 0.0 ; 0.0 ; 633.3334
71 ; 0.0 ; 0.0 ; 0.0 ; 633.3334
72 ; 0.0 ; 16.666666 ; 0.0 ; 650.00006
73 ; 0.0 ; 16.666666 ; 0.0 ; 666.66675
74 ; 0.0 ; 16.666666 ; 0.0 ; 683.33344
75 ; 0.0 ; 16.666666 ; 0.0 ; 700.0001
76 ; 0.0 ; 16.666666 ; 0.0 ; 716.6668
77 ; 0.0 ; 16.666666 ; 0.0 ; 733.3335
78 ; 0.0 ; 0.0 ; 0.0 ; 733.3335
79 ; 0.0 ; 16.666666 ; 0.0 ; 750.0002
80 ; 0.0 ; 0.0 ; 0.0 ; 750.0002
81 ; 0.0 ; 0.0 ; 0.0 ; 750.0002
82 ; 0.0 ; 16.666666 ; 0.0 ; 766.6669
83 ; 0.0 ; 16.666666 ; 0.0 ; 783.33356
84 ; 0.0 ; 16.666666 ; 0.0 ; 800.00024
85 ; 0.0 ; 0.0 ; 0.0 ; 800.00024
86 ; 0.0 ; 0.0 ; 0.0 ; 800.00024
87 ; 0.0 ; 0.0 ; 0.0 ; 800.00024
88 ; 0.0 ; 16.666666 ; 0.0 ; 816.66693
89 ; 0.0 ; 16.666666 ; 0.0 ; 833.3336
90 ; 0.0 ; 0.0 ; 0.0 ; 833.3336
91 ; 0.0 ; 0.0 ; 0.0 ; 833.3336
92 ; 0.0 ; 0.0 ; 0.0 ; 833.3336
93 ; 0.0 ; 16.666666 ; 0.0 ; 850.0003
94 ; 0.0 ; 0.0 ; 0.0 ; 850.0003
95 ; 0.0 ; 16.666666 ; 0.0 ; 866.667
96 ; 0.0 ; 0.0 ; 0.0 ; 866.667
97 ; 0.0 ; 16.666666 ; 0.0 ; 883.3337
98 ; 0.0 ; 16.666666 ; 0.0 ; 900.00037
99 ; 0.0 ; 0.0 ; 0.0 ; 900.00037
100 ; 0.0 ; 0.0 ; 0.0 ; 900.00037
101 ; 0.0 ; 16.666666 ; 0.0 ; 916.66705
102 ; 0.0 ; 0.0 ; 0.0 ; 916.66705
103 ; 0.0 ; 16.666666 ; 0.0 ; 933.33374
104 ; 0.0 ; 16.666666 ; 0.0 ; 950.0004
105 ; 0.0 ; 0.0 ; 0.0 ; 950.0004
106 ; 0.0 ; 0.0 ; 0.0 ; 950.0004
107 ; 0.0 ; 0.0 ; 0.0 ; 950.0004
108 ; 0.0 ; 0.0 ; 0.0 ; 950.0004
109 ; 0.0 ; 16.666666 ; 0.0 ; 966.6671
110 ; 0.0 ; 16.666666 ; 0.0 ; 983.3338
111 ; 0.0 ; 0.0 ; 0.0 ; 983.3338
112 ; 0.0 ; 0.0 ; 0.0 ; 983.3338
113 ; 0.0 ; 0.0 ; 0.0 ; 983.3338
114 ; 0.0 ; 16.666666 ; 0.0 ; 1000.0005
115 ; 0.0 ; 0.0 ; 0.0 ; 1000.0005
116 ; 0.0 ; 0.0 ; 0.0 ; 1000.0005
117 ; 0.0 ; 16.666666 ; 0.0 ; 1016.6672
118 ; 0.0 ; 16.666666 ; 0.0 ; 1033.3339
119 ; 0.0 ; 16.666666 ; 0.0 ; 1050.0005
120 ; 0.0 ; 0.0 ; 0.0 ; 1050.0005
121 ; 0.0 ; 16.666666 ; 0.0 ; 1066.6671
122 ; 0.0 ; 16.666666 ; 0.0 ; 1083.3337
123 ; 0.0 ; 16.666666 ; 0.0 ; 1100.0004
124 ; 0.0 ; 0.0 ; 0.0 ; 1100.0004
125 ; 0.0 ; 16.666666 ; 0.0 ; 1116.667
126 ; 0.0 ; 16.666666 ; 0.0 ; 1133.3336
127 ; 0.0 ; 16.666666 ; 0.0 ; 1150.0002
128 ; 0.0 ; 0.0 ; 0.0 ; 1150.0002
129 ; 0.0 ; 16.666666 ; 0.0 ; 1166.6669
130 ; 0.0 ; 0.0 ; 0.0 ; 1166.6669
131 ; 0.0 ; 16.666666 ; 0.0 ; 1183.3335
132 ; 0.0 ; 16.666666 ; 0.0 ; 1200.0001
133 ; 0.0 ; 16.666666 ; 0.0 ; 1216.6667
134 ; 0.0 ; 16.666666 ; 0.0 ; 1233.3334
135 ; 0.0 ; 0.0 ; 0.0 ; 1233.3334
136 ; 0.0 ; 16.666666 ; 0.0 ; 1250.0
137 ; 0.0 ; 0.0 ; 0.0 ; 1250.0
138 ; 0.0 ; 16.666666 ; 0.0 ; 1266.6666
139 ; 0.0 ; 16.666666 ; 0.0 ; 1283.3333
140 ; 0.0 ; 16.666666 ; 0.0 ; 1299.9999
141 ; 0.0 ; 16.666666 ; 0.0 ; 1316.6665
142 ; 0.0 ; 16.666666 ; 0.0 ; 1333.3331
143 ; 0.0 ; 0.0 ; 0.0 ; 1333.3331
144 ; 0.0 ; 0.0 ; 0.0 ; 1333.3331
145 ; 0.0 ; 16.666666 ; 0.0 ; 1349.9998
146 ; 0.0 ; 16.666666 ; 0.0 ; 1366.6664
147 ; 0.0 ; 0.0 ; 0.0 ; 1366.6664
148 ; 0.0 ; 16.666666 ; 0.0 ; 1383.333
149 ; 0.0 ; 0.0 ; 0.0 ; 1383.333
150 ; 0.0 ; 16.666666 ; 0.0 ; 1399.9996
151 ; 0.0 ; 16.666666 ; 0.0 ; 1416.6663
152 ; 0.0 ; 16.666666 ; 0.0 ; 1433.3329
153 ; 0.0 ; 0.0 ; 0.0 ; 1433.3329
154 ; 0.0 ; 16.666666 ; 0.0 ; 1449.9995
155 ; 0.0 ; 16.666666 ; 0.0 ; 1466.6661
156 ; 0.0 ; 0.0 ; 0.0 ; 1466.6661
157 ; 0.0 ; 16.666666 ; 0.0 ; 1483.3328
158 ; 0.0 ; 0.0 ; 0.0 ; 1483.3328
159 ; 0.0 ; 16.666666 ; 0.0 ; 1499.9994
160 ; 0.0 ; 0.0 ; 0.0 ; 1499.9994
161 ; 0.0 ; 0.0 ; 0.0 ; 1499.9994
162 ; 0.0 ; 16.666666 ; 0.0 ; 1516.666
163 ; 0.0 ; 0.0 ; 0.0 ; 1516.666
164 ; 0.0 ; 16.666666 ; 0.0 ; 1533.3326
165 ; 0.0 ; 16.666666 ; 0.0 ; 1549.9993
166 ; 0.0 ; 16.666666 ; 0.0 ; 1566.6659
167 ; 0.0 ; 16.666666 ; 0.0 ; 1583.3325
168 ; 0.0 ; 16.666666 ; 0.0 ; 1599.9991
169 ; 0.0 ; 16.666666 ; 0.0 ; 1616.6658
170 ; 0.0 ; 0.0 ; 0.0 ; 1616.6658
171 ; 0.0 ; 16.666666 ; 0.0 ; 1633.3324
172 ; 0.0 ; 0.0 ; 0.0 ; 1633.3324
173 ; 0.0 ; 16.666666 ; 0.0 ; 1649.999
174 ; 0.0 ; 16.666666 ; 0.0 ; 1666.6656
175 ; 0.0 ; 0.0 ; 0.0 ; 1666.6656
176 ; 0.0 ; 0.0 ; 0.0 ; 1666.6656
177 ; 0.0 ; 16.666666 ; 0.0 ; 1683.3323
178 ; 0.0 ; 0.0 ; 0.0 ; 1683.3323
179 ; 0.0 ; 0.0 ; 0.0 ; 1683.3323
180 ; 0.0 ; 0.0 ; 0.0 ; 1683.3323
181 ; 0.0 ; 0.0 ; 0.0 ; 1683.3323
182 ; 0.0 ; 0.0 ; 0.0 ; 1683.3323
183 ; 0.0 ; 0.0 ; 0.0 ; 1683.3323
184 ; 0.0 ; 0.0 ; 0.0 ; 1683.3323
185 ; 0.0 ; 0.0 ; 0.0 ; 1683.3323
186 ; 0.0 ; 16.666666 ; 0.0 ; 1699.9989
187 ; 0.0 ; 16.666666 ; 0.0 ; 1716.6655
188 ; 0.0 ; 16.666666 ; 0.0 ; 1733.3322
189 ; 0.0 ; 16.666666 ; 0.0 ; 1749.9988
190 ; 0.0 ; 0.0 ; 0.0 ; 1749.9988
191 ; 0.0 ; 16.666666 ; 0.0 ; 1766.6654
192 ; 0.0 ; 16.666666 ; 0.0 ; 1783.332
193 ; 0.0 ; 16.666666 ; 0.0 ; 1799.9987
194 ; 0.0 ; 0.0 ; 0.0 ; 1799.9987
195 ; 0.0 ; 16.666666 ; 0.0 ; 1816.6653
196 ; 0.0 ; 16.666666 ; 0.0 ; 1833.3319
197 ; 0.0 ; 16.666666 ; 0.0 ; 1849.9985
198 ; 0.0 ; 16.666666 ; 0.0 ; 1866.6652
199 ; 0.0 ; 0.0 ; 0.0 ; 1866.6652
200 ; 0.0 ; 0.0 ; 0.0 ; 1866.6652
201 ; 0.0 ; 0.0 ; 0.0 ; 1866.6652
202 ; 0.0 ; 0.0 ; 0.0 ; 1866.6652
203 ; 0.0 ; 16.666666 ; 0.0 ; 1883.3318
204 ; 0.0 ; 16.666666 ; 0.0 ; 1899.9984
205 ; 0.0 ; 0.0 ; 0.0 ; 1899.9984
206 ; 0.0 ; 16.666666 ; 0.0 ; 1916.665
207 ; 0.0 ; 0.0 ; 0.0 ; 1916.665
208 ; 0.0 ; 0.0 ; 0.0 ; 1916.665
209 ; 0.0 ; 0.0 ; 0.0 ; 1916.665
210 ; 0.0 ; 16.666666 ; 0.0 ; 1933.3317
211 ; 0.0 ; 0.0 ; 0.0 ; 1933.3317
212 ; 0.0 ; 16.666666 ; 0.0 ; 1949.9983
213 ; 0.0 ; 16.666666 ; 0.0 ; 1966.6649
214 ; 0.0 ; 0.0 ; 0.0 ; 1966.6649
215 ; 0.0 ; 0.0 ; 0.0 ; 1966.6649
216 ; 0.0 ; 16.666666 ; 0.0 ; 1983.3315
217 ; 0.0 ; 0.0 ; 0.0 ; 1983.3315
218 ; 0.0 ; 0.0 ; 0.0 ; 1983.3315
219 ; 0.0 ; 16.666666 ; 0.0 ; 1999.9982
220 ; 0.0 ; 16.666666 ; 0.0 ; 2016.6648
221 ; 0.0 ; 16.666666 ; 0.0 ; 2033.3314
222 ; 0.0 ; 16.666666 ; 0.0 ; 2049.998
223 ; 0.0 ; 16.666666 ; 0.0 ; 2066.6648
224 ; 0.0 ; 16.666666 ; 0.0 ; 2083.3315
225 ; 0.0 ; 0.0 ; 0.0 ; 2083.3315
226 ; 0.0 ; 0.0 ; 0.0 ; 2083.3315
227 ; 0.0 ; 16.666666 ; 0.0 ; 2099.9983
228 ; 0.0 ; 16.666666 ; 0.0 ; 2116.665
229 ; 0.0 ; 0.0 ; 0.0 ; 2116.665
230 ; 0.0 ; 0.0 ; 0.0 ; 2116.665
231 ; 0.0 ; 16.666666 ; 0.0 ; 2133.3318
232 ; 0.0 ; 16.666666 ; 0.0 ; 2149.9985
233 ; 0.0 ; 0.0 ; 0.0 ; 2149.9985
234 ; 0.0 ; 0.0 ; 0.0 ; 2149.9985
235 ; 0.0 ; 0.0 ; 0.0 ; 2149.9985
236 ; 0.0 ; 0.0 ; 0.0 ; 2149.9985
237 ; 0.0 ; 0.0 ; 0.0 ; 2149.9985
238 ; 0.0 ; 16.666666 ; 0.0 ; 2166.6653
239 ; 0.0 ; 0.0 ; 0.0 ; 2166.6653
240 ; 0.0 ; 0.0 ; 0.0 ; 2166.6653
241 ; 0.0 ; 0.0 ; 0.0 ; 2166.6653
242 ; 0.0 ; 16.666666 ; 0.0 ; 2183.332
243 ; 0.0 ; 0.0 ; 0.0 ; 2183.332
244 ; 0.0 ; 16.666666 ; 0.0 ; 2199.9988
245 ; 0.0 ; 0.0 ; 0.0 ; 2199.9988
246 ; 0.0 ; 0.0 ; 0.0 ; 2199.9988
247 ; 0.0 ; 0.0 ; 0.0 ; 2199.9988
248 ; 0.0 ; 0.0 ; 0.0 ; 2199.9988
249 ; 0.0 ; 16.666666 ; 0.0 ; 2216.6655
250 ; 0.0 ; 16.666666 ; 0.0 ; 2233.3323
251 ; 0.0 ; 0.0 ; 0.0 ; 2233.3323
252 ; 0.0 ; 0.0 ; 0.0 ; 2233.3323
253 ; 0.0 ; 0.0 ; 0.0 ; 2233.3323
254 ; 0.0 ; 0.0 ; 0.0 ; 2233.3323
255 ; 0.0 ; 0.0 ; 0.0 ; 2233.3323
256 ; 0.0 ; 16.666666 ; 0.0 ; 2249.999
257 ; 0.0 ; 16.666666 ; 0.0 ; 2266.6658
258 ; 0.0 ; 16.666666 ; 0.0 ; 2283.3325
259 ; 0.0 ; 0.0 ; 0.0 ; 2283.3325
260 ; 0.0 ; 0.0 ; 0.0 ; 2283.3325
261 ; 0.0 ; 0.0 ; 0.0 ; 2283.3325
262 ; 0.0 ; 16.666666 ; 0.0 ; 2299.9993
263 ; 0.0 ; 0.0 ; 0.0 ; 2299.9993
264 ; 0.0 ; 0.0 ; 0.0 ; 2299.9993
265 ; 0.0 ; 16.666666 ; 0.0 ; 2316.666
266 ; 0.0 ; 16.666666 ; 0.0 ; 2333.3328
267 ; 0.0 ; 0.0 ; 0.0 ; 2333.3328
268 ; 0.0 ; 0.0 ; 0.0 ; 2333.3328
269 ; 0.0 ; 0.0 ; 0.0 ; 2333.3328
270 ; 0.0 ; 16.666666 ; 0.0 ; 2349.9995
271 ; 0.0 ; 16.666666 ; 0.0 ; 2366.6663
272 ; 0.0 ; 0.0 ; 0.0 ; 2366.6663
273 ; 0.0 ; 16.666666 ; 0.0 ; 2383.333
274 ; 0.0 ; 0.0 ; 0.0 ; 2383.333
275 ; 0.0 ; 16.666666 ; 0.0 ; 2399.9998
276 ; 0.0 ; 0.0 ; 0.0 ; 2399.9998
277 ; 0.0 ; 16.666666 ; 0.0 ; 2416.6665
278 ; 0.0 ; 16.666666 ; 0.0 ; 2433.3333
279 ; 0.0 ; 0.0 ; 0.0 ; 2433.3333
280 ; 0.0 ; 0.0 ; 0.0 ; 2433.3333
281 ; 0.0 ; 0.0 ; 0.0 ; 2433.3333
282 ; 0.0 ; 0.0 ; 0.0 ; 2433.3333
283 ; 0.0 ; 16.666666 ; 0.0 ; 2450.0
284 ; 0.0 ; 0.0 ; 0.0 ; 2450.0
285 ; 0.0 ; 0.0 ; 0.0 ; 2450.0
286 ; 0.0 ; 16.666666 ; 0.0 ; 2466.6667
287 ; 0.0 ; 0.0 ; 0.0 ; 2466.6667
288 ; 0.0 ; 0.0 ; 0.0 ; 2466.6667
289 ; 0.0 ; 16.666666 ; 0.0 ; 2483.3335
290 ; 0.0 ; 16.666666 ; 0.0 ; 2500.0002
291 ; 0.0 ; 16.666666 ; 0.0 ; 2516.667
292 ; 0.0 ; 16.666666 ; 0.0 ; 2533.3337
293 ; 0.0 ; 0.0 ; 0.0 ; 2533.3337
294 ; 0.0 ; 16.666666 ; 0.0 ; 2550.0005
295 ; 0.0 ; 0.0 ; 0.0 ; 2550.0005
296 ; 0.0 ; 0.0 ; 0.0 ; 2550.0005
297 ; 0.0 ; 16.666666 ; 0.0 ; 2566.6672
298 ; 0.0 ; 16.666666 ; 0.0 ; 2583.334
299 ; 0.0 ; 16.666666 ; 0.0 ; 2600.0007
300 ; 0.0 ; 16.666666 ; 0.0 ; 2616.6675
301 ; 0.0 ; 16.666666 ; 0.0 ; 2633.3342
302 ; 0.0 ; 0.0 ; 0.0 ; 2633.3342
303 ; 0.0 ; 0.0 ; 0.0 ; 2633.3342
304 ; 0.0 ; 0.0 ; 0.0 ; 2633.3342
305 ; 0.0 ; 16.666666 ; 0.0 ; 2650.001
306 ; 0.0 ; 0.0 ; 0.0 ; 2650.001
307 ; 0.0 ; 0.0 ; 0.0 ; 2650.001
308 ; 0.0 ; 16.666666 ; 0.0 ; 2666.6677
309 ; 0.0 ; 16.666666 ; 0.0 ; 2683.3345
310 ; 0.0 ; 16.666666 ; 0.0 ; 2700.0012
311 ; 0.0 ; 16.666666 ; 0.0 ; 2716.668
312 ; 0.0 ; 0.0 ; 0.0 ; 2716.668
313 ; 0.0 ; 0.0 ; 0.0 ; 2716.668
314 ; 0.0 ; 16.666666 ; 0.0 ; 2733.3347
315 ; 0.0 ; 0.0 ; 0.0 ; 2733.3347
316 ; 0.0 ; 0.0 ; 0.0 ; 2733.3347
317 ; 0.0 ; 0.0 ; 0.0 ; 2733.3347
318 ; 0.0 ; 0.0 ; 0.0 ; 2733.3347
319 ; 0.0 ; 0.0 ; 0.0 ; 2733.3347
320 ; 0.0 ; 0.0 ; 0.0 ; 2733.3347
321 ; 0.0 ; 16.666666 ; 0.0 ; 2750.0015
322 ; 0.0 ; 16.666666 ; 0.0 ; 2766.6682
323 ; 0.0 ; 16.666666 ; 0.0 ; 2783.335
324 ; 0.0 ; 16.666666 ; 0.0 ; 2800.0017
325 ; 0.0 ; 16.666666 ; 0.0 ; 2816.6685
326 ; 0.0 ; 0.0 ; 0.0 ; 2816.6685
327 ; 0.0 ; 0.0 ; 0.0 ; 2816.6685
328 ; 0.0 ; 0.0 ; 0.0 ; 2816.6685
329 ; 0.0 ; 16.666666 ; 0.0 ; 2833.3352
330 ; 0.0 ; 16.666666 ; 0.0 ; 2850.002
331 ; 0.0 ; 16.666666 ; 0.0 ; 2866.6687
332 ; 0.0 ; 16.666666 ; 0.0 ; 2883.3354
333 ; 0.0 ; 0.0 ; 0.0 ; 2883.3354
334 ; 0.0 ; 16.666666 ; 0.0 ; 2900.0022
335 ; 0.0 ; 0.0 ; 0.0 ; 2900.0022
336 ; 0.0 ; 16.666666 ; 0.0 ; 2916.669
337 ; 0.0 ; 16.666666 ; 0.0 ; 2933.3357
338 ; 0.0 ; 0.0 ; 0.0 ; 2933.3357
339 ; 0.0 ; 16.666666 ; 0.0 ; 2950.0024
340 ; 0.0 ; 0.0 ; 0.0 ; 2950.0024
341 ; 0.0 ; 0.0 ; 0.0 ; 2950.0024
342 ; 0.0 ; 16.666666 ; 0.0 ; 2966.6692
343 ; 0.0 ; 16.666666 ; 0.0 ; 2983.336
344 ; 0.0 ; 16.666666 ; 0.0 ; 3000.0027
345 ; 0.0 ; 0.0 ; 0.0 ; 3000.0027
346 ; 0.0 ; 16.666666 ; 0.0 ; 3016.6694
347 ; 0.0 ; 16.666666 ; 0.0 ; 3033.3362
348 ; 0.0 ; 0.0 ; 0.0 ; 3033.3362
349 ; 0.0 ; 16.666666 ; 0.0 ; 3050.003
350 ; 0.0 ; 0.0 ; 0.0 ; 3050.003
351 ; 0.0 ; 16.666666 ; 0.0 ; 3066.6697
352 ; 0.0 ; 0.0 ; 0.0 ; 3066.6697
353 ; 0.0 ; 0.0 ; 0.0 ; 3066.6697
354 ; 0.0 ; 0.0 ; 0.0 ; 3066.6697
355 ; 0.0 ; 16.666666 ; 0.0 ; 3083.3364
356 ; 0.0 ; 16.666666 ; 0.0 ; 3100.0032
357 ; 0.0 ; 0.0 ; 0.0 ; 3100.0032
358 ; 0.0 ; 0.0 ; 0.0 ; 3100.0032
359 ; 0.0 ; 16.666666 ; 0.0 ; 3116.67
360 ; 0.0 ; 0.0 ; 0.0 ; 3116.67
361 ; 0.0 ; 0.0 ; 0.0 ; 3116.67
362 ; 0.0 ; 16.666666 ; 0.0 ; 3133.3367
363 ; 0.0 ; 0.0 ; 0.0 ; 3133.3367
364 ; 0.0 ; 16.666666 ; 0.0 ; 3150.0034
365 ; 0.0 ; 0.0 ; 0.0 ; 3150.0034
366 ; 0.0 ; 16.666666 ; 0.0 ; 3166.6702
367 ; 0.0 ; 0.0 ; 0.0 ; 3166.6702
368 ; 0.0 ; 16.666666 ; 0.0 ; 3183.337
369 ; 0.0 ; 0.0 ; 0.0 ; 3183.337
370 ; 0.0 ; 0.0 ; 0.0 ; 3183.337
371 ; 0.0 ; 0.0 ; 0.0 ; 3183.337
372 ; 0.0 ; 0.0 ; 0.0 ; 3183.337
373 ; 0.0 ; 16.666666 ; 0.0 ; 3200.0037
374 ; 0.0 ; 0.0 ; 0.0 ; 3200.0037
375 ; 0.0 ; 16.666666 ; 0.0 ; 3216.6704
376 ; 0.0 ; 0.0 ; 0.0 ; 3216.6704
377 ; 0.0 ; 16.666666 ; 0.0 ; 3233.3372
378 ; 0.0 ; 16.666666 ; 0.0 ; 3250.004
379 ; 0.0 ; 0.0 ; 0.0 ; 3250.004
380 ; 0.0 ; 0.0 ; 0.0 ; 3250.004
381 ; 0.0 ; 0.0 ; 0.0 ; 3250.004
382 ; 0.0 ; 0.0 ; 0.0 ; 3250.004
383 ; 0.0 ; 0.0 ; 0.0 ; 3250.004
384 ; 0.0 ; 16.666666 ; 0.0 ; 3266.6707
385 ; 0.0 ; 0.0 ; 0.0 ; 3266.6707
386 ; 0.0 ; 0.0 ; 0.0 ; 3266.6707
387 ; 0.0 ; 0.0 ; 0.0 ; 3266.6707
388 ; 0.0 ; 0.0 ; 0.0 ; 3266.6707
389 ; 0.0 ; 16.666666 ; 0.0 ; 3283.3374
390 ; 0.0 ; 16.666666 ; 0.0 ; 3300.0042
391 ; 0.0 ; 0.0 ; 0.0 ; 3300.0042
392 ; 0.0 ; 0.0 ; 0.0 ; 3300.0042
393 ; 0.0 ; 0.0 ; 0.0 ; 3300.0042
394 ; 0.0 ; 16.666666 ; 0.0 ; 3316.671
395 ; 0.0 ; 16.666666 ; 0.0 ; 3333.3376
396 ; 0.0 ; 0.0 ; 0.0 ; 3333.3376
397 ; 0.0 ; 16.666666 ; 0.0 ; 3350.0044
398 ; 0.0 ; 0.0 ; 0.0 ; 3350.0044
399 ; 0.0 ; 16.666666 ; 0.0 ; 3366.6711
400 ; 0.0 ; 16.666666 ; 0.0 ; 3383.338
401 ; 0.0 ; 0.0 ; 0.0 ; 3383.338
402 ; 0.0 ; 0.0 ; 0.0 ; 3383.338
403 ; 0.0 ; 16.666666 ; 0.0 ; 3400.0046
404 ; 0.0 ; 0.0 ; 0.0 ; 3400.0046
405 ; 0.0 ; 0.0 ; 0.0 ; 3400.0046
406 ; 0.0 ; 0.0 ; 0.0 ; 3400.0046
407 ; 0.0 ; 16.666666 ; 0.0 ; 3416.6714
408 ; 0.0 ; 0.0 ; 0.0 ; 3416.6714
409 ; 0.0 ; 0.0 ; 0.0 ; 3416.6714
410 ; 0.0 ; 16.666666 ; 0.0 ; 3433.3381
411 ; 0.0 ; 16.666666 ; 0.0 ; 3450.005
412 ; 0.0 ; 16.666666 ; 0.0 ; 3466.6716
413 ; 0.0 ; 0.0 ; 0.0 ; 3466.6716
414 ; 0.0 ; 16.666666 ; 0.0 ; 3483.3384
415 ; 0.0 ; 16.666666 ; 0.0 ; 3500.0051
416 ; 0.0 ; 0.0 ; 0.0 ; 3500.0051
417 ; 0.0 ; 0.0 ; 0.0 ; 3500.0051
418 ; 0.0 ; 0.0 ; 0.0 ; 3500.0051
419 ; 0.0 ; 16.666666 ; 0.0 ; 3516.6719
420 ; 0.0 ; 0.0 ; 0.0 ; 3516.6719
421 ; 0.0 ; 16.666666 ; 0.0 ; 3533.3386
422 ; 0.0 ; 0.0 ; 0.0 ; 3533.3386
423 ; 0.0 ; 0.0 ; 0.0 ; 3533.3386
424 ; 0.0 ; 0.0 ; 0.0 ; 3533.3386
425 ; 0.0 ; 16.666666 ; 0.0 ; 3550.0054
426 ; 0.0 ; 16.666666 ; 0.0 ; 3566.672
427 ; 0.0 ; 16.666666 ; 0.0 ; 3583.3389
428 ; 0.0 ; 16.666666 ; 0.0 ; 3600.0056
429 ; 0.0 ; 0.0 ; 0.0 ; 3600.0056
430 ; 0.0 ; 16.666666 ; 0.0 ; 3616.6724
431 ; 0.0 ; 16.666666 ; 0.0 ; 3633.339
432 ; 0.0 ; 16.666666 ; 0.0 ; 3650.0059
433 ; 0.0 ; 16.666666 ; 0.0 ; 3666.6726
434 ; 0.0 ; 0.0 ; 0.0 ; 3666.6726
435 ; 0.0 ; 0.0 ; 0.0 ; 3666.6726
436 ; 0.0 ; 0.0 ; 0.0 ; 3666.6726
437 ; 0.0 ; 16.666666 ; 0.0 ; 3683.3394
438 ; 0.0 ; 16.666666 ; 0.0 ; 3700.006
439 ; 0.0 ; 0.0 ; 0.0 ; 3700.006
440 ; 0.0 ; 16.666666 ; 0.0 ; 3716.6729
441 ; 0.0 ; 16.666666 ; 0.0 ; 3733.3396
442 ; 0.0 ; 0.0 ; 0.0 ; 3733.3396
443 ; 0.0 ; 16.666666 ; 0.0 ; 3750.0063
444 ; 0.0 ; 0.0 ; 0.0 ; 3750.0063
445 ; 0.0 ; 16.666666 ; 0.0 ; 3766.673
446 ; 0.0 ; 16.666666 ; 0.0 ; 3783.3398
447 ; 0.0 ; 0.0 ; 0.0 ; 3783.3398
448 ; 0.0 ; 16.666666 ; 0.0 ; 3800.0066
449 ; 0.0 ; 16.666666 ; 0.0 ; 3816.6733
450 ; 0.0 ; 0.0 ; 0.0 ; 3816.6733
451 ; 0.0 ; 0.0 ; 0.0 ; 3816.6733
452 ; 0.0 ; 0.0 ; 0.0 ; 3816.6733
453 ; 0.0 ; 16.666666 ; 0.0 ; 3833.34
454 ; 0.0 ; 0.0 ; 0.0 ; 3833.34
455 ; 0.0 ; 16.666666 ; 0.0 ; 3850.0068
456 ; 0.0 ; 0.0 ; 0.0 ; 3850.0068
457 ; 0.0 ; 0.0 ; 0.0 ; 3850.0068
458 ; 0.0 ; 0.0 ; 0.0 ; 3850.0068
459 ; 0.0 ; 0.0 ; 0.0 ; 3850.0068
460 ; 0.0 ; 0.0 ; 0.0 ; 3850.0068
461 ; 0.0 ; 16.666666 ; 0.0 ; 3866.6736
462 ; 0.0 ; 0.0 ; 0.0 ; 3866.6736
463 ; 0.0 ; 0.0 ; 0.0 ; 3866.6736
464 ; 0.0 ; 16.666666 ; 0.0 ; 3883.3403
465 ; 0.0 ; 0.0 ; 0.0 ; 3883.3403
466 ; 0.0 ; 0.0 ; 0.0 ; 3883.3403
467 ; 0.0 ; 16.666666 ; 0.0 ; 3900.007
468 ; 0.0 ; 16.666666 ; 0.0 ; 3916.6738
469 ; 0.0 ; 0.0 ; 0.0 ; 3916.6738
470 ; 0.0 ; 16.666666 ; 0.0 ; 3933.3406
471 ; 0.0 ; 0.0 ; 0.0 ; 3933.3406
472 ; 0.0 ; 16.666666 ; 0.0 ; 3950.0073
473 ; 0.0 ; 16.666666 ; 0.0 ; 3966.674
474 ; 0.0 ; 0.0 ; 0.0 ; 3966.674
475 ; 0.0 ; 0.0 ; 0.0 ; 3966.674
476 ; 0.0 ; 16.666666 ; 0.0 ; 3983.3408
477 ; 0.0 ; 0.0 ; 0.0 ; 3983.3408
478 ; 0.0 ; 16.666666 ; 0.0 ; 4000.0076
479 ; 0.0 ; 0.0 ; 0.0 ; 4000.0076
480 ; 0.0 ; 0.0 ; 0.0 ; 4000.0076
481 ; 0.0 ; 16.666666 ; 0.0 ; 4016.6743
482 ; 0.0 ; 16.666666 ; 0.0 ; 4033.341
483 ; 0.0 ; 16.666666 ; 0.0 ; 4050.0078
484 ; 0.0 ; 16.666666 ; 0.0 ; 4066.6746
485 ; 0.0 ; 16.666666 ; 0.0 ; 4083.3413
486 ; 0.0 ; 16.666666 ; 0.0 ; 4100.008
487 ; 0.0 ; 0.0 ; 0.0 ; 4100.008
488 ; 0.0 ; 16.666666 ; 0.0 ; 4116.6743
489 ; 0.0 ; 16.666666 ; 0.0 ; 4133.341
490 ; 0.0 ; 16.666666 ; 0.0 ; 4150.0073
491 ; 0.0 ; 0.0 ; 0.0 ; 4150.0073
492 ; 0.0 ; 16.666666 ; 0.0 ; 4166.674
493 ; 0.0 ; 0.0 ; 0.0 ; 4166.674
494 ; 0.0 ; 16.666666 ; 0.0 ; 4183.3403
495 ; 0.0 ; 0.0 ; 0.0 ; 4183.3403
496 ; 0.0 ; 0.0 ; 0.0 ; 4183.3403
497 ; 0.0 ; 16.666666 ; 0.0 ; 4200.007
498 ; 0.0 ; 0.0 ; 0.0 ; 4200.007
499 ; 0.0 ; 0.0 ; 0.0 ; 4200.007
500 ; 0.0 ; 0.0 ; 0.0 ; 4200.007
501 ; 0.0 ; 0.0 ; 0.0 ; 4200.007
502 ; 0.0 ; 16.666666 ; 0.0 ; 4216.6733
503 ; 0.0 ; 16.666666 ; 0.0 ; 4233.34
504 ; 0.0 ; 16.666666 ; 0.0 ; 4250.0063
505 ; 0.0 ; 0.0 ; 0.0 ; 4250.0063
506 ; 0.0 ; 0.0 ; 0.0 ; 4250.0063
507 ; 0.0 ; 0.0 ; 0.0 ; 4250.0063
508 ; 0.0 ; 0.0 ; 0.0 ; 4250.0063
509 ; 0.0 ; 0.0 ; 0.0 ; 4250.0063
510 ; 0.0 ; 0.0 ; 0.0 ; 4250.0063
511 ; 0.0 ; 0.0 ; 0.0 ; 4250.0063
512 ; 0.0 ; 16.666666 ; 0.0 ; 4266.673
513 ; 0.0 ; 0.0 ; 0.0 ; 4266.673
514 ; 0.0 ; 0.0 ; 0.0 ; 4266.673
515 ; 0.0 ; 0.0 ; 0.0 ; 4266.673
516 ; 0.0 ; 0.0 ; 0.0 ; 4266.673
517 ; 0.0 ; 16.666666 ; 0.0 ; 4283.3394
518 ; 0.0 ; 16.666666 ; 0.0 ; 4300.006
519 ; 0.0 ; 0.0 ; 0.0 ; 4300.006
520 ; 0.0 ; 16.666666 ; 0.0 ; 4316.6724
521 ; 0.0 ; 0.0 ; 0.0 ; 4316.6724
522 ; 0.0 ; 16.666666 ; 0.0 ; 4333.339
523 ; 0.0 ; 16.666666 ; 0.0 ; 4350.0054
524 ; 0.0 ; 16.666666 ; 0.0 ; 4366.672
525 ; 0.0 ; 16.666666 ; 0.0 ; 4383.3384
526 ; 0.0 ; 16.666666 ; 0.0 ; 4400.005
527 ; 0.0 ; 0.0 ; 0.0 ; 4400.005
528 ; 0.0 ; 0.0 ; 0.0 ; 4400.005
529 ; 0.0 ; 16.666666 ; 0.0 ; 4416.6714
530 ; 0.0 ; 16.666666 ; 0.0 ; 4433.338
531 ; 0.0 ; 16.666666 ; 0.0 ; 4450.0044
532 ; 0.0 ; 16.666666 ; 0.0 ; 4466.671
533 ; 0.0 ; 16.666666 ; 0.0 ; 4483.3374
534 ; 0.0 ; 0.0 ; 0.0 ; 4483.3374
535 ; 0.0 ; 0.0 ; 0.0 ; 4483.3374
536 ; 0.0 ; 0.0 ; 0.0 ; 4483.3374
537 ; 0.0 ; 16.666666 ; 0.0 ; 4500.004
538 ; 0.0 ; 0.0 ; 0.0 ; 4500.004
539 ; 0.0 ; 0.0 ; 0.0 ; 4500.004
540 ; 0.0 ; 0.0 ; 0.0 ; 4500.004
541 ; 0.0 ; 0.0 ; 0.0 ; 4500.004
542 ; 0.0 ; 0.0 ; 0.0 ; 4500.004
543 ; 0.0 ; 16.666666 ; 0.0 ; 4516.6704
544 ; 0.0 ; 16.666666 ; 0.0 ; 4533.337
545 ; 0.0 ; 0.0 ; 0.0 ; 4533.337
546 ; 0.0 ; 16.666666 ; 0.0 ; 4550.0034
547 ; 0.0 ; 16.666666 ; 0.0 ; 4566.67
548 ; 0.0 ; 0.0 ; 0.0 ; 4566.67
549 ; 0.0 ; 0.0 ; 0.0 ; 4566.67
550 ; 0.0 ; 16.666666 ; 0.0 ; 4583.3364
551 ; 0.0 ; 16.666666 ; 0.0 ; 4600.003
552 ; 0.0 ; 16.666666 ; 0.0 ; 4616.6694
553 ; 0.0 ; 16.666666 ; 0.0 ; 4633.336
554 ; 0.0 ; 0.0 ; 0.0 ; 4633.336
555 ; 0.0 ; 16.666666 ; 0.0 ; 4650.0024
556 ; 0.0 ; 0.0 ; 0.0 ; 4650.0024
557 ; 0.0 ; 0.0 ; 0.0 ; 4650.0024
558 ; 0.0 ; 0.0 ; 0.0 ; 4650.0024
559 ; 0.0 ; 16.666666 ; 0.0 ; 4666.669
560 ; 0.0 ; 16.666666 ; 0.0 ; 4683.3354
561 ; 0.0 ; 16.666666 ; 0.0 ; 4700.002
562 ; 0.0 ; 0.0 ; 0.0 ; 4700.002
563 ; 0.0 ; 0.0 ; 0.0 ; 4700.002
564 ; 0.0 ; 0.0 ; 0.0 ; 4700.002
565 ; 0.0 ; 0.0 ; 0.0 ; 4700.002
566 ; 0.0 ; 0.0 ; 0.0 ; 4700.002
567 ; 0.0 ; 16.666666 ; 0.0 ; 4716.6685
568 ; 0.0 ; 16.666666 ; 0.0 ; 4733.335
569 ; 0.0 ; 16.666666 ; 0.0 ; 4750.0015
570 ; 0.0 ; 16.666666 ; 0.0 ; 4766.668
571 ; 0.0 ; 0.0 ; 0.0 ; 4766.668
572 ; 0.0 ; 16.666666 ; 0.0 ; 4783.3345
573 ; 0.0 ; 0.0 ; 0.0 ; 4783.3345
574 ; 0.0 ; 16.666666 ; 0.0 ; 4800.001
575 ; 0.0 ; 16.666666 ; 0.0 ; 4816.6675
576 ; 0.0 ; 16.666666 ; 0.0 ; 4833.334
577 ; 0.0 ; 16.666666 ; 0.0 ; 4850.0005
578 ; 0.0 ; 16.666666 ; 0.0 ; 4866.667
579 ; 0.0 ; 16.666666 ; 0.0 ; 4883.3335
580 ; 0.0 ; 16.666666 ; 0.0 ; 4900.0
581 ; 0.0 ; 0.0 ; 0.0 ; 4900.0
582 ; 0.0 ; 0.0 ; 0.0 ; 4900.0
583 ; 0.0 ; 0.0 ; 0.0 ; 4900.0
584 ; 0.0 ; 0.0 ; 0.0 ; 4900.0
585 ; 0.0 ; 0.0 ; 0.0 ; 4900.0
586 ; 0.0 ; 0.0 ; 0.0 ; 4900.0
587 ; 0.0 ; 0.0 ; 0.0 ; 4900.0
588 ; 0.0 ; 0.0 ; 0.0 ; 4900.0
589 ; 0.0 ; 16.666666 ; 0.0 ; 4916.6665
590 ; 0.0 ; 16.666666 ; 0.0 ; 4933.333
591 ; 0.0 ; 16.666666 ; 0.0 ; 4949.9995
592 ; 0.0 ; 16.666666 ; 0.0 ; 4966.666
593 ; 0.0 ; 16.666666 ; 0.0 ; 4983.3325
594 ; 0.0 ; 16.666666 ; 0.0 ; 4999.999
595 ; 0.0 ; 0.0 ; 0.0 ; 4999.999
596 ; 0.0 ; 16.666666 ; 0.0 ; 5016.6655
597 ; 0.0 ; 0.0 ; 0.0 ; 5016.6655
598 ; 0.0 ; 16.666666 ; 0.0 ; 5033.332
599 ; 0.0 ; 16.666666 ; 0.0 ; 5049.9985
600 ; 0.0 ; 16.666666 ; 0.0 ; 5066.665
601 ; 0.0 ; 0.0 ; 0.0 ; 5066.665
602 ; 0.0 ; 16.666666 ; 0.0 ; 5083.3315
603 ; 0.0 ; 16.666666 ; 0.0 ; 5099.998
604 ; 0.0 ; 16.666666 ; 0.0 ; 5116.6646
605 ; 0.0 ; 16.666666 ; 0.0 ; 5133.331
606 ; 0.0 ; 16.666666 ; 0.0 ; 5149.9976
607 ; 0.0 ; 16.666666 ; 0.0 ; 5166.664
608 ; 0.0 ; 16.666666 ; 0.0 ; 5183.3306
609 ; 0.0 ; 16.666666 ; 0.0 ; 5199.997
610 ; 0.0 ; 16.666666 ; 0.0 ; 5216.6636
611 ; 0.0 ; 0.0 ; 0.0 ; 5216.6636
612 ; 0.0 ; 16.666666 ; 0.0 ; 5233.33
613 ; 0.0 ; 16.666666 ; 0.0 ; 5249.9966
614 ; 0.0 ; 16.666666 ; 0.0 ; 5266.663
615 ; 0.0 ; 16.666666 ; 0.0 ; 5283.3296
616 ; 0.0 ; 16.666666 ; 0.0 ; 5299.996
617 ; 0.0 ; 0.0 ; 0.0 ; 5299.996
618 ; 0.0 ; 0.0 ; 0.0 ; 5299.996
619 ; 0.0 ; 0.0 ; 0.0 ; 5299.996
620 ; 0.0 ; 0.0 ; 0.0 ; 5299.996
621 ; 0.0 ; 16.666666 ; 0.0 ; 5316.6626
622 ; 0.0 ; 16.666666 ; 0.0 ; 5333.329
623 ; 0.0 ; 16.666666 ; 0.0 ; 5349.9956
624 ; 0.0 ; 0.0 ; 0.0 ; 5349.9956
625 ; 0.0 ; 16.666666 ; 0.0 ; 5366.662
626 ; 0.0 ; 16.666666 ; 0.0 ; 5383.3286
627 ; 0.0 ; 0.0 ; 0.0 ; 5383.3286
628 ; 0.0 ; 0.0 ; 0.0 ; 5383.3286
629 ; 0.0 ; 0.0 ; 0.0 ; 5383.3286
630 ; 0.0 ; 0.0 ; 0.0 ; 5383.3286
631 ; 0.0 ; 0.0 ; 0.0 ; 5383.3286
632 ; 0.0 ; 16.666666 ; 0.0 ; 5399.995
633 ; 0.0 ; 16.666666 ; 0.0 ; 5416.6616
634 ; 0.0 ; 0.0 ; 0.0 ; 5416.6616
635 ; 0.0 ; 16.666666 ; 0.0 ; 5433.328
636 ; 0.0 ; 16.666666 ; 0.0 ; 5449.9946
637 ; 0.0 ; 16.666666 ; 0.0 ; 5466.661
638 ; 0.0 ; 0.0 ; 0.0 ; 5466.661
639 ; 0.0 ; 0.0 ; 0.0 ; 5466.661
640 ; 0.0 ; 0.0 ; 0.0 ; 5466.661
641 ; 0.0 ; 0.0 ; 0.0 ; 5466.661
642 ; 0.0 ; 0.0 ; 0.0 ; 5466.661
643 ; 0.0 ; 0.0 ; 0.0 ; 5466.661
644 ; 0.0 ; 16.666666 ; 0.0 ; 5483.3276
645 ; 0.0 ; 16.666666 ; 0.0 ; 5499.994
646 ; 0.0 ; 0.0 ; 0.0 ; 5499.994
647 ; 0.0 ; 0.0 ; 0.0 ; 5499.994
648 ; 0.0 ; 0.0 ; 0.0 ; 5499.994
649 ; 0.0 ; 0.0 ; 0.0 ; 5499.994
650 ; 0.0 ; 0.0 ; 0.0 ; 5499.994
651 ; 0.0 ; 0.0 ; 0.0 ; 5499.994
652 ; 0.0 ; 0.0 ; 0.0 ; 5499.994
653 ; 0.0 ; 16.666666 ; 0.0 ; 5516.6606
654 ; 0.0 ; 0.0 ; 0.0 ; 5516.6606
655 ; 0.0 ; 0.0 ; 0.0 ; 5516.6606
656 ; 0.0 ; 16.666666 ; 0.0 ; 5533.327
657 ; 0.0 ; 16.666666 ; 0.0 ; 5549.9937
658 ; 0.0 ; 16.666666 ; 0.0 ; 5566.66
659 ; 0.0 ; 0.0 ; 0.0 ; 5566.66
660 ; 0.0 ; 16.666666 ; 0.0 ; 5583.3267
661 ; 0.0 ; 16.666666 ; 0.0 ; 5599.993
662 ; 0.0 ; 0.0 ; 0.0 ; 5599.993
663 ; 0.0 ; 0.0 ; 0.0 ; 5599.993
664 ; 0.0 ; 16.666666 ; 0.0 ; 5616.6597
665 ; 0.0 ; 0.0 ; 0.0 ; 5616.6597
666 ; 0.0 ; 16.666666 ; 0.0 ; 5633.326
667 ; 0.0 ; 16.666666 ; 0.0 ; 5649.9927
668 ; 0.0 ; 0.0 ; 0.0 ; 5649.9927
669 ; 0.0 ; 16.666666 ; 0.0 ; 5666.659
670 ; 0.0 ; 0.0 ; 0.0 ; 5666.659
671 ; 0.0 ; 0.0 ; 0.0 ; 5666.659
672 ; 0.0 ; 16.666666 ; 0.0 ; 5683.3257
673 ; 0.0 ; 0.0 ; 0.0 ; 5683.3257
674 ; 0.0 ; 16.666666 ; 0.0 ; 5699.992
675 ; 0.0 ; 16.666666 ; 0.0 ; 5716.6587
676 ; 0.0 ; 0.0 ; 0.0 ; 5716.6587
677 ; 0.0 ; 0.0 ; 0.0 ; 5716.6587
678 ; 0.0 ; 0.0 ; 0.0 ; 5716.6587
679 ; 0.0 ; 0.0 ; 0.0 ; 5716.6587
680 ; 0.0 ; 16.666666 ; 0.0 ; 5733.325
681 ; 0.0 ; 16.666666 ; 0.0 ; 5749.9917
682 ; 0.0 ; 0.0 ; 0.0 ; 5749.9917
683 ; 0.0 ; 16.666666 ; 0.0 ; 5766.658
684 ; 0.0 ; 16.666666 ; 0.0 ; 5783.3247
685 ; 0.0 ; 0.0 ; 0.0 ; 5783.3247
686 ; 0.0 ; 16.666666 ; 0.0 ; 5799.991
687 ; 0.0 ; 0.0 ; 0.0 ; 5799.991
688 ; 0.0 ; 0.0 ; 0.0 ; 5799.991
689 ; 0.0 ; 16.666666 ; 0.0 ; 5816.6577
690 ; 0.0 ; 16.666666 ; 0.0 ; 5833.324
691 ; 0.0 ; 0.0 ; 0.0 ; 5833.324
692 ; 0.0 ; 0.0 ; 0.0 ; 5833.324
693 ; 0.0 ; 16.666666 ; 0.0 ; 5849.9907
694 ; 0.0 ; 16.666666 ; 0.0 ; 5866.657
695 ; 0.0 ; 16.666666 ; 0.0 ; 5883.3237
696 ; 0.0 ; 0.0 ; 0.0 ; 5883.3237
697 ; 0.0 ; 0.0 ; 0.0 ; 5883.3237
698 ; 0.0 ; 16.666666 ; 0.0 ; 5899.99
699 ; 0.0 ; 0.0 ; 0.0 ; 5899.99
700 ; 0.0 ; 16.666666 ; 0.0 ; 5916.6567
701 ; 0.0 ; 16.666666 ; 0.0 ; 5933.323
702 ; 0.0 ; 0.0 ; 0.0 ; 5933.323
703 ; 0.0 ; 0.0 ; 0.0 ; 5933.323
704 ; 0.0 ; 0.0 ; 0.0 ; 5933.323
705 ; 0.0 ; 16.666666 ; 0.0 ; 5949.9897
706 ; 0.0 ; 16.666666 ; 0.0 ; 5966.6562
707 ; 0.0 ; 0.0 ; 0.0 ; 5966.6562
708 ; 0.0 ; 16.666666 ; 0.0 ; 5983.3228
709 ; 0.0 ; 16.666666 ; 0.0 ; 5999.9893
710 ; 0.0 ; 0.0 ; 0.0 ; 5999.9893
711 ; 0.0 ; 0.0 ; 0.0 ; 5999.9893
712 ; 0.0 ; 16.666666 ; 0.0 ; 6016.656
713 ; 0.0 ; 16.666666 ; 0.0 ; 6033.3223
714 ; 0.0 ; 16.666666 ; 0.0 ; 6049.989
715 ; 0.0 ; 16.666666 ; 0.0 ; 6066.6553
716 ; 0.0 ; 0.0 ; 0.0 ; 6066.6553
717 ; 0.0 ; 16.666666 ; 0.0 ; 6083.322
718 ; 0.0 ; 0.0 ; 0.0 ; 6083.322
719 ; 0.0 ; 16.666666 ; 0.0 ; 6099.9883
720 ; 0.0 ; 16.666666 ; 0.0 ; 6116.655
721 ; 0.0 ; 0.0 ; 0.0 ; 6116.655
722 ; 0.0 ; 0.0 ; 0.0 ; 6116.655
723 ; 0.0 ; 16.666666 ; 0.0 ; 6133.3213
724 ; 0.0 ; 0.0 ; 0.0 ; 6133.3213
725 ; 0.0 ; 0.0 ; 0.0 ; 6133.3213
726 ; 0.0 ; 16.666666 ; 0.0 ; 6149.988
727 ; 0.0 ; 16.666666 ; 0.0 ; 6166.6543
728 ; 0.0 ; 0.0 ; 0.0 ; 6166.6543
729 ; 0.0 ; 0.0 ; 0.0 ; 6166.6543
730 ; 0.0 ; 16.666666 ; 0.0 ; 6183.321
731 ; 0.0 ; 0.0 ; 0.0 ; 6183.321
732 ; 0.0 ; 16.666666 ; 0.0 ; 6199.9873
733 ; 0.0 ; 16.666666 ; 0.0 ; 6216.654
734 ; 0.0 ; 16.666666 ; 0.0 ; 6233.3203
735 ; 0.0 ; 0.0 ; 0.0 ; 6233.3203
736 ; 0.0 ; 16.666666 ; 0.0 ; 6249.987
737 ; 0.0 ; 0.0 ; 0.0 ; 6249.987
738 ; 0.0 ; 0.0 ; 0.0 ; 6249.987
739 ; 0.0 ; 16.666666 ; 0.0 ; 6266.6533
740 ; 0.0 ; 16.666666 ; 0.0 ; 6283.32
741 ; 0.0 ; 0.0 ; 0.0 ; 6283.32
742 ; 0.0 ; 0.0 ; 0.0 ; 6283.32
743 ; 0.0 ; 16.666666 ; 0.0 ; 6299.9863
744 ; 0.0 ; 16.666666 ; 0.0 ; 6316.653
745 ; 0.0 ; 16.666666 ; 0.0 ; 6333.3193
746 ; 0.0 ; 16.666666 ; 0.0 ; 6349.986
747 ; 0.0 ; 16.666666 ; 0.0 ; 6366.6523
748 ; 0.0 ; 0.0 ; 0.0 ; 6366.6523
749 ; 0.0 ; 16.666666 ; 0.0 ; 6383.319
750 ; 0.0 ; 0.0 ; 0.0 ; 6383.319
751 ; 0.0 ; 0.0 ; 0.0 ; 6383.319
752 ; 0.0 ; 0.0 ; 0.0 ; 6383.319
753 ; 0.0 ; 16.666666 ; 0.0 ; 6399.9854
754 ; 0.0 ; 0.0 ; 0.0 ; 6399.9854
755 ; 0.0 ; 0.0 ; 0.0 ; 6399.9854
756 ; 0.0 ; 0.0 ; 0.0 ; 6399.9854
757 ; 0.0 ; 0.0 ; 0.0 ; 6399.9854
758 ; 0.0 ; 16.666666 ; 0.0 ; 6416.652
759 ; 0.0 ; 16.666666 ; 0.0 ; 6433.3184
760 ; 0.0 ; 16.666666 ; 0.0 ; 6449.985
761 ; 0.0 ; 16.666666 ; 0.0 ; 6466.6514
762 ; 0.0 ; 0.0 ; 0.0 ; 6466.6514
763 ; 0.0 ; 0.0 ; 0.0 ; 6466.6514
764 ; 0.0 ; 16.666666 ; 0.0 ; 6483.318
765 ; 0.0 ; 16.666666 ; 0.0 ; 6499.9844
766 ; 0.0 ; 0.0 ; 0.0 ; 6499.9844
767 ; 0.0 ; 0.0 ; 0.0 ; 6499.9844
768 ; 0.0 ; 16.666666 ; 0.0 ; 6516.651
769 ; 0.0 ; 0.0 ; 0.0 ; 6516.651
770 ; 0.0 ; 16.666666 ; 0.0 ; 6533.3174
771 ; 0.0 ; 16.666666 ; 0.0 ; 6549.984
772 ; 0.0 ; 0.0 ; 0.0 ; 6549.984
773 ; 0.0 ; 0.0 ; 0.0 ; 6549.984
774 ; 0.0 ; 0.0 ; 0.0 ; 6549.984
775 ; 0.0 ; 0.0 ; 0.0 ; 6549.984
776 ; 0.0 ; 16.666666 ; 0.0 ; 6566.6504
777 ; 0.0 ; 0.0 ; 0.0 ; 6566.6504
778 ; 0.0 ; 16.666666 ; 0.0 ; 6583.317
779 ; 0.0 ; 16.666666 ; 0.0 ; 6599.9834
780 ; 0.0 ; 0.0 ; 0.0 ; 6599.9834
781 ; 0.0 ; 0.0 ; 0.0 ; 6599.9834
782 ; 0.0 ; 0.0 ; 0.0 ; 6599.9834
783 ; 0.0 ; 16.666666 ; 0.0 ; 6616.65
784 ; 0.0 ; 0.0 ; 0.0 ; 6616.65
785 ; 0.0 ; 0.0 ; 0.0 ; 6616.65
786 ; 0.0 ; 16.666666 ; 0.0 ; 6633.3164
787 ; 0.0 ; 16.666666 ; 0.0 ; 6649.983
788 ; 0.0 ; 0.0 ; 0.0 ; 6649.983
789 ; 0.0 ; 16.666666 ; 0.0 ; 6666.6494
790 ; 0.0 ; 0.0 ; 0.0 ; 6666.6494
791 ; 0.0 ; 0.0 ; 0.0 ; 6666.6494
792 ; 0.0 ; 0.0 ; 0.0 ; 6666.6494
793 ; 0.0 ; 16.666666 ; 0.0 ; 6683.316
794 ; 0.0 ; 0.0 ; 0.0 ; 6683.316
795 ; 0.0 ; 16.666666 ; 0.0 ; 6699.9824
796 ; 0.0 ; 16.666666 ; 0.0 ; 6716.649
797 ; 0.0 ; 0.0 ; 0.0 ; 6716.649
798 ; 0.0 ; 0.0 ; 0.0 ; 6716.649
799 ; 0.0 ; 0.0 ; 0.0 ; 6716.649
800 ; 0.0 ; 0.0 ; 0.0 ; 6716.649
801 ; 0.0 ; 0.0 ; 0.0 ; 6716.649
802 ; 0.0 ; 16.666666 ; 0.0 ; 6733.3154
803 ; 0.0 ; 16.666666 ; 0.0 ; 6749.982
804 ; 0.0 ; 16.666666 ; 0.0 ; 6766.6484
805 ; 0.0 ; 0.0 ; 0.0 ; 6766.6484
806 ; 0.0 ; 0.0 ; 0.0 ; 6766.6484
807 ; 0.0 ; 0.0 ; 0.0 ; 6766.6484
808 ; 0.0 ; 0.0 ; 0.0 ; 6766.6484
809 ; 0.0 ; 16.666666 ; 0.0 ; 6783.315
810 ; 0.0 ; 0.0 ; 0.0 ; 6783.315
811 ; 0.0 ; 16.666666 ; 0.0 ; 6799.9814
812 ; 0.0 ; 16.666666 ; 0.0 ; 6816.648
813 ; 0.0 ; 0.0 ; 0.0 ; 6816.648
814 ; 0.0 ; 16.666666 ; 0.0 ; 6833.3145
815 ; 0.0 ; 16.666666 ; 0.0 ; 6849.981
816 ; 0.0 ; 16.666666 ; 0.0 ; 6866.6475
817 ; 0.0 ; 0.0 ; 0.0 ; 6866.6475
818 ; 0.0 ; 0.0 ; 0.0 ; 6866.6475
819 ; 0.0 ; 16.666666 ; 0.0 ; 6883.314
820 ; 0.0 ; 16.666666 ; 0.0 ; 6899.9805
821 ; 0.0 ; 0.0 ; 0.0 ; 6899.9805
822 ; 0.0 ; 0.0 ; 0.0 ; 6899.9805
823 ; 0.0 ; 16.666666 ; 0.0 ; 6916.647
824 ; 0.0 ; 0.0 ; 0.0 ; 6916.647
825 ; 0.0 ; 16.666666 ; 0.0 ; 6933.3135
826 ; 0.0 ; 16.666666 ; 0.0 ; 6949.98
827 ; 0.0 ; 0.0 ; 0.0 ; 6949.98
828 ; 0.0 ; 16.666666 ; 0.0 ; 6966.6465
829 ; 0.0 ; 0.0 ; 0.0 ; 6966.6465
830 ; 0.0 ; 0.0 ; 0.0 ; 6966.6465
831 ; 0.0 ; 16.666666 ; 0.0 ; 6983.313
832 ; 0.0 ; 0.0 ; 0.0 ; 6983.313
833 ; 0.0 ; 16.666666 ; 0.0 ; 6999.9795
834 ; 0.0 ; 0.0 ; 0.0 ; 6999.9795
835 ; 0.0 ; 16.666666 ; 0.0 ; 7016.646
836 ; 0.0 ; 0.0 ; 0.0 ; 7016.646
837 ; 0.0 ; 16.666666 ; 0.0 ; 7033.3125
838 ; 0.0 ; 16.666666 ; 0.0 ; 7049.979
839 ; 0.0 ; 16.666666 ; 0.0 ; 7066.6455
840 ; 0.0 ; 0.0 ; 0.0 ; 7066.6455
841 ; 0.0 ; 0.0 ; 0.0 ; 7066.6455
842 ; 0.0 ; 16.666666 ; 0.0 ; 7083.312
843 ; 0.0 ; 16.666666 ; 0.0 ; 7099.9785
844 ; 0.0 ; 0.0 ; 0.0 ; 7099.9785
845 ; 0.0 ; 0.0 ; 0.0 ; 7099.9785
846 ; 0.0 ; 0.0 ; 0.0 ; 7099.9785
847 ; 0.0 ; 0.0 ; 0.0 ; 7099.9785
848 ; 0.0 ; 16.666666 ; 0.0 ; 7116.645
849 ; 0.0 ; 0.0 ; 0.0 ; 7116.645
850 ; 0.0 ; 16.666666 ; 0.0 ; 7133.3115
851 ; 0.0 ; 16.666666 ; 0.0 ; 7149.978
852 ; 0.0 ; 0.0 ; 0.0 ; 7149.978
853 ; 0.0 ; 0.0 ; 0.0 ; 7149.978
854 ; 0.0 ; 16.666666 ; 0.0 ; 7166.6445
855 ; 0.0 ; 16.666666 ; 0.0 ; 7183.311
856 ; 0.0 ; 0.0 ; 0.0 ; 7183.311
857 ; 0.0 ; 16.666666 ; 0.0 ; 7199.9775
858 ; 0.0 ; 0.0 ; 0.0 ; 7199.9775
859 ; 0.0 ; 0.0 ; 0.0 ; 7199.9775
860 ; 0.0 ; 16.666666 ; 0.0 ; 7216.644
861 ; 0.0 ; 16.666666 ; 0.0 ; 7233.3105
862 ; 0.0 ; 0.0 ; 0.0 ; 7233.3105
863 ; 0.0 ; 16.666666 ; 0.0 ; 7249.977
864 ; 0.0 ; 0.0 ; 0.0 ; 7249.977
865 ; 0.0 ; 16.666666 ; 0.0 ; 7266.6436
866 ; 0.0 ; 0.0 ; 0.0 ; 7266.6436
867 ; 0.0 ; 16.666666 ; 0.0 ; 7283.31
868 ; 0.0 ; 16.666666 ; 0.0 ; 7299.9766
869 ; 0.0 ; 16.666666 ; 0.0 ; 7316.643
870 ; 0.0 ; 16.666666 ; 0.0 ; 7333.3096
871 ; 0.0 ; 0.0 ; 0.0 ; 7333.3096
872 ; 0.0 ; 16.666666 ; 0.0 ; 7349.976
873 ; 0.0 ; 0.0 ; 0.0 ; 7349.976
874 ; 0.0 ; 0.0 ; 0.0 ; 7349.976
875 ; 0.0 ; 16.666666 ; 0.0 ; 7366.6426
876 ; 0.0 ; 0.0 ; 0.0 ; 7366.6426
877 ; 0.0 ; 0.0 ; 0.0 ; 7366.6426
878 ; 0.0 ; 16.666666 ; 0.0 ; 7383.309
879 ; 0.0 ; 0.0 ; 0.0 ; 7383.309
880 ; 0.0 ; 16.666666 ; 0.0 ; 7399.9756
881 ; 0.0 ; 0.0 ; 0.0 ; 7399.9756
882 ; 0.0 ; 0.0 ; 0.0 ; 7399.9756
883 ; 0.0 ; 0.0 ; 0.0 ; 7399.9756
884 ; 0.0 ; 0.0 ; 0.0 ; 7399.9756
885 ; 0.0 ; 0.0 ; 0.0 ; 7399.9756
886 ; 0.0 ; 0.0 ; 0.0 ; 7399.9756
887 ; 0.0 ; 16.666666 ; 0.0 ; 7416.642
888 ; 0.0 ; 16.666666 ; 0.0 ; 7433.3086
889 ; 0.0 ; 0.0 ; 0.0 ; 7433.3086
890 ; 0.0 ; 16.666666 ; 0.0 ; 7449.975
891 ; 0.0 ; 0.0 ; 0.0 ; 7449.975
892 ; 0.0 ; 0.0 ; 0.0 ; 7449.975
893 ; 0.0 ; 0.0 ; 0.0 ; 7449.975
894 ; 0.0 ; 0.0 ; 0.0 ; 7449.975
895 ; 0.0 ; 16.666666 ; 0.0 ; 7466.6416
896 ; 0.0 ; 16.666666 ; 0.0 ; 7483.308
897 ; 0.0 ; 16.666666 ; 0.0 ; 7499.9746
898 ; 0.0 ; 0.0 ; 0.0 ; 7499.9746
899 ; 0.0 ; 0.0 ; 0.0 ; 7499.9746
900 ; 0.0 ; 0.0 ; 0.0 ; 7499.9746
901 ; 0.0 ; 16.666666 ; 0.0 ; 7516.641
902 ; 0.0 ; 0.0 ; 0.0 ; 7516.641
903 ; 0.0 ; 0.0 ; 0.0 ; 7516.641
904 ; 0.0 ; 16.666666 ; 0.0 ; 7533.3076
905 ; 0.0 ; 0.0 ; 0.0 ; 7533.3076
906 ; 0.0 ; 0.0 ; 0.0 ; 7533.3076
907 ; 0.0 ; 0.0 ; 0.0 ; 7533.3076
908 ; 0.0 ; 16.666666 ; 0.0 ; 7549.974
909 ; 0.0 ; 0.0 ; 0.0 ; 7549.974
910 ; 0.0 ; 16.666666 ; 0.0 ; 7566.6406
911 ; 0.0 ; 0.0 ; 0.0 ; 7566.6406
912 ; 0.0 ; 0.0 ; 0.0 ; 7566.6406
913 ; 0.0 ; 16.666666 ; 0.0 ; 7583.307
914 ; 0.0 ; 0.0 ; 0.0 ; 7583.307
915 ; 0.0 ; 16.666666 ; 0.0 ; 7599.9736
916 ; 0.0 ; 0.0 ; 0.0 ; 7599.9736
917 ; 0.0 ; 16.666666 ; 0.0 ; 7616.64
918 ; 0.0 ; 16.666666 ; 0.0 ; 7633.3066
919 ; 0.0 ; 16.666666 ; 0.0 ; 7649.973
920 ; 0.0 ; 16.666666 ; 0.0 ; 7666.6396
921 ; 0.0 ; 16.666666 ; 0.0 ; 7683.306
922 ; 0.0 ; 0.0 ; 0.0 ; 7683.306
923 ; 0.0 ; 16.666666 ; 0.0 ; 7699.9727
924 ; 0.0 ; 0.0 ; 0.0 ; 7699.9727
925 ; 0.0 ; 0.0 ; 0.0 ; 7699.9727
926 ; 0.0 ; 0.0 ; 0.0 ; 7699.9727
927 ; 0.0 ; 0.0 ; 0.0 ; 7699.9727
928 ; 0.0 ; 16.666666 ; 0.0 ; 7716.639
929 ; 0.0 ; 16.666666 ; 0.0 ; 7733.3057
930 ; 0.0 ; 16.666666 ; 0.0 ; 7749.972
931 ; 0.0 ; 16.666666 ; 0.0 ; 7766.6387
932 ; 0.0 ; 0.0 ; 0.0 ; 7766.6387
933 ; 0.0 ; 0.0 ; 0.0 ; 7766.6387
934 ; 0.0 ; 16.666666 ; 0.0 ; 7783.305
935 ; 0.0 ; 16.666666 ; 0.0 ; 7799.9717
936 ; 0.0 ; 0.0 ; 0.0 ; 7799.9717
937 ; 0.0 ; 16.666666 ; 0.0 ; 7816.638
938 ; 0.0 ; 0.0 ; 0.0 ; 7816.638
939 ; 0.0 ; 0.0 ; 0.0 ; 7816.638
940 ; 0.0 ; 16.666666 ; 0.0 ; 7833.3047
941 ; 0.0 ; 16.666666 ; 0.0 ; 7849.971
942 ; 0.0 ; 0.0 ; 0.0 ; 7849.971
943 ; 0.0 ; 16.666666 ; 0.0 ; 7866.6377
944 ; 0.0 ; 16.666666 ; 0.0 ; 7883.304
945 ; 0.0 ; 16.666666 ; 0.0 ; 7899.9707
946 ; 0.0 ; 0.0 ; 0.0 ; 7899.9707
947 ; 0.0 ; 0.0 ; 0.0 ; 7899.9707
948 ; 0.0 ; 0.0 ; 0.0 ; 7899.9707
949 ; 0.0 ; 0.0 ; 0.0 ; 7899.9707
950 ; 0.0 ; 0.0 ; 0.0 ; 7899.9707
951 ; 0.0 ; 0.0 ; 0.0 ; 7899.9707
952 ; 0.0 ; 16.666666 ; 0.0 ; 7916.637
953 ; 0.0 ; 0.0 ; 0.0 ; 7916.637
954 ; 0.0 ; 0.0 ; 0.0 ; 7916.637
955 ; 0.0 ; 16.666666 ; 0.0 ; 7933.3037
956 ; 0.0 ; 16.666666 ; 0.0 ; 7949.97
957 ; 0.0 ; 16.666666 ; 0.0 ; 7966.6367
958 ; 0.0 ; 16.666666 ; 0.0 ; 7983.303
959 ; 0.0 ; 0.0 ; 0.0 ; 7983.303
960 ; 0.0 ; 0.0 ; 0.0 ; 7983.303
961 ; 0.0 ; 16.666666 ; 0.0 ; 7999.9697
962 ; 0.0 ; 16.666666 ; 0.0 ; 8016.636
963 ; 0.0 ; 0.0 ; 0.0 ; 8016.636
964 ; 0.0 ; 16.666666 ; 0.0 ; 8033.3027
965 ; 0.0 ; 0.0 ; 0.0 ; 8033.3027
966 ; 0.0 ; 0.0 ; 0.0 ; 8033.3027
967 ; 0.0 ; 0.0 ; 0.0 ; 8033.3027
968 ; 0.0 ; 16.666666 ; 0.0 ; 8049.969
969 ; 0.0 ; 0.0 ; 0.0 ; 8049.969
970 ; 0.0 ; 16.666666 ; 0.0 ; 8066.6357
971 ; 0.0 ; 0.0 ; 0.0 ; 8066.6357
972 ; 0.0 ; 16.666666 ; 0.0 ; 8083.3022
973 ; 0.0 ; 0.0 ; 0.0 ; 8083.3022
974 ; 0.0 ; 16.666666 ; 0.0 ; 8099.9688
975 ; 0.0 ; 0.0 ; 0.0 ; 8099.9688
976 ; 0.0 ; 16.666666 ; 0.0 ; 8116.6353
977 ; 0.0 ; 0.0 ; 0.0 ; 8116.6353
978 ; 0.0 ; 16.666666 ; 0.0 ; 8133.302
979 ; 0.0 ; 0.0 ; 0.0 ; 8133.302
980 ; 0.0 ; 16.666666 ; 0.0 ; 8149.9683
981 ; 0.0 ; 16.666666 ; 0.0 ; 8166.635
982 ; 0.0 ; 0.0 ; 0.0 ; 8166.635
983 ; 0.0 ; 0.0 ; 0.0 ; 8166.635
984 ; 0.0 ; 16.666666 ; 0.0 ; 8183.3013
985 ; 0.0 ; 0.0 ; 0.0 ; 8183.3013
986 ; 0.0 ; 0.0 ; 0.0 ; 8183.3013
987 ; 0.0 ; 16.666666 ; 0.0 ; 8199.968
988 ; 0.0 ; 16.666666 ; 0.0 ; 8216.635
989 ; 0.0 ; 0.0 ; 0.0 ; 8216.635
990 ; 0.0 ; 16.666666 ; 0.0 ; 8233.302
991 ; 0.0 ; 16.666666 ; 0.0 ; 8249.969
992 ; 0.0 ; 16.666666 ; 0.0 ; 8266.636
993 ; 0.0 ; 16.666666 ; 0.0 ; 8283.303
994 ; 0.0 ; 16.666666 ; 0.0 ; 8299.97
995 ; 0.0 ; 16.666666 ; 0.0 ; 8316.637
996 ; 0.0 ; 0.0 ; 0.0 ; 8316.637
997 ; 0.0 ; 16.666666 ; 0.0 ; 8333.304
998 ; 0.0 ; 0.0 ; 0.0 ; 8333.304
999 ; 0.0 ; 0.0 ; 0.0 ; 8333.304
1000 ; 0.0 ; 16.666666 ; 0.0 ; 8349.971
1001 ; 0.0 ; 16.666666 ; 0.0 ; 8366.638
1002 ; 0.0 ; 16.666666 ; 0.0 ; 8383.305
1003 ; 0.0 ; 0.0 ; 0.0 ; 8383.305
1004 ; 0.0 ; 16.666666 ; 0.0 ; 8399.972
1005 ; 0.0 ; 16.666666 ; 0.0 ; 8416.639
1006 ; 0.0 ; 16.666666 ; 0.0 ; 8433.306
1007 ; 0.0 ; 16.666666 ; 0.0 ; 8449.973
1008 ; 0.0 ; 0.0 ; 0.0 ; 8449.973
1009 ; 0.0 ; 16.666666 ; 0.0 ; 8466.64
1010 ; 0.0 ; 16.666666 ; 0.0 ; 8483.307
1011 ; 0.0 ; 0.0 ; 0.0 ; 8483.307
1012 ; 0.0 ; 16.666666 ; 0.0 ; 8499.974
1013 ; 0.0 ; 16.666666 ; 0.0 ; 8516.641
1014 ; 0.0 ; 0.0 ; 0.0 ; 8516.641
1015 ; 0.0 ; 16.666666 ; 0.0 ; 8533.308
1016 ; 0.0 ; 16.666666 ; 0.0 ; 8549.975
1017 ; 0.0 ; 0.0 ; 0.0 ; 8549.975
1018 ; 0.0 ; 16.666666 ; 0.0 ; 8566.642
1019 ; 0.0 ; 16.666666 ; 0.0 ; 8583.309
1020 ; 0.0 ; 16.666666 ; 0.0 ; 8599.976
1021 ; 0.0 ; 0.0 ; 0.0 ; 8599.976
1022 ; 0.0 ; 16.666666 ; 0.0 ; 8616.643
1023 ; 0.0 ; 0.0 ; 0.0 ; 8616.643
1024 ; 0.0 ; 16.666666 ; 0.0 ; 8633.31
1025 ; 0.0 ; 16.666666 ; 0.0 ; 8649.977
1026 ; 0.0 ; 16.666666 ; 0.0 ; 8666.644
1027 ; 0.0 ; 0.0 ; 0.0 ; 8666.644
1028 ; 0.0 ; 0.0 ; 0.0 ; 8666.644
1029 ; 0.0 ; 0.0 ; 0.0 ; 8666.644
1030 ; 0.0 ; 16.666666 ; 0.0 ; 8683.311
1031 ; 0.0 ; 16.666666 ; 0.0 ; 8699.978
1032 ; 0.0 ; 0.0 ; 0.0 ; 8699.978
1033 ; 0.0 ; 16.666666 ; 0.0 ; 8716.645
1034 ; 0.0 ; 0.0 ; 0.0 ; 8716.645
1035 ; 0.0 ; 16.666666 ; 0.0 ; 8733.312
1036 ; 0.0 ; 16.666666 ; 0.0 ; 8749.979
1037 ; 0.0 ; 0.0 ; 0.0 ; 8749.979
1038 ; 0.0 ; 16.666666 ; 0.0 ; 8766.6455
1039 ; 0.0 ; 0.0 ; 0.0 ; 8766.6455
1040 ; 0.0 ; 0.0 ; 0.0 ; 8766.6455
1041 ; 0.0 ; 16.666666 ; 0.0 ; 8783.3125
1042 ; 0.0 ; 0.0 ; 0.0 ; 8783.3125
1043 ; 0.0 ; 16.666666 ; 0.0 ; 8799.9795
1044 ; 0.0 ; 0.0 ; 0.0 ; 8799.9795
1045 ; 0.0 ; 0.0 ; 0.0 ; 8799.9795
1046 ; 0.0 ; 0.0 ; 0.0 ; 8799.9795
1047 ; 0.0 ; 0.0 ; 0.0 ; 8799.9795
1048 ; 0.0 ; 0.0 ; 0.0 ; 8799.9795
1049 ; 0.0 ; 0.0 ; 0.0 ; 8799.9795
1050 ; 0.0 ; 0.0 ; 0.0 ; 8799.9795
1051 ; 0.0 ; 16.666666 ; 0.0 ; 8816.646
1052 ; 0.0 ; 0.0 ; 0.0 ; 8816.646
1053 ; 0.0 ; 16.666666 ; 0.0 ; 8833.313
1054 ; 0.0 ; 0.0 ; 0.0 ; 8833.313
1055 ; 0.0 ; 0.0 ; 0.0 ; 8833.313
1056 ; 0.0 ; 0.0 ; 0.0 ; 8833.313
1057 ; 0.0 ; 16.666666 ; 0.0 ; 8849.98
1058 ; 0.0 ; 0.0 ; 0.0 ; 8849.98
1059 ; 0.0 ; 0.0 ; 0.0 ; 8849.98
1060 ; 0.0 ; 0.0 ; 0.0 ; 8849.98
1061 ; 0.0 ; 0.0 ; 0.0 ; 8849.98
1062 ; 0.0 ; 16.666666 ; 0.0 ; 8866.647
1063 ; 0.0 ; 16.666666 ; 0.0 ; 8883.314
1064 ; 0.0 ; 16.666666 ; 0.0 ; 8899.981
1065 ; 0.0 ; 16.666666 ; 0.0 ; 8916.648
1066 ; 0.0 ; 16.666666 ; 0.0 ; 8933.315
1067 ; 0.0 ; 16.666666 ; 0.0 ; 8949.982
1068 ; 0.0 ; 0.0 ; 0.0 ; 8949.982
1069 ; 0.0 ; 16.666666 ; 0.0 ; 8966.649
1070 ; 0.0 ; 0.0 ; 0.0 ; 8966.649
1071 ; 0.0 ; 16.666666 ; 0.0 ; 8983.316
1072 ; 0.0 ; 16.666666 ; 0.0 ; 8999.983
1073 ; 0.0 ; 16.666666 ; 0.0 ; 9016.65
1074 ; 0.0 ; 16.666666 ; 0.0 ; 9033.317
1075 ; 0.0 ; 16.666666 ; 0.0 ; 9049.984
1076 ; 0.0 ; 16.666666 ; 0.0 ; 9066.651
1077 ; 0.0 ; 0.0 ; 0.0 ; 9066.651
1078 ; 0.0 ; 16.666666 ; 0.0 ; 9083.318
1079 ; 0.0 ; 0.0 ; 0.0 ; 9083.318
1080 ; 0.0 ; 0.0 ; 0.0 ; 9083.318
1081 ; 0.0 ; 16.666666 ; 0.0 ; 9099.985
1082 ; 0.0 ; 16.666666 ; 0.0 ; 9116.652
1083 ; 0.0 ; 0.0 ; 0.0 ; 9116.652
1084 ; 0.0 ; 16.666666 ; 0.0 ; 9133.319
1085 ; 0.0 ; 16.666666 ; 0.0 ; 9149.986
1086 ; 0.0 ; 16.666666 ; 0.0 ; 9166.653
1087 ; 0.0 ; 16.666666 ; 0.0 ; 9183.32
1088 ; 0.0 ; 0.0 ; 0.0 ; 9183.32
1089 ; 0.0 ; 0.0 ; 0.0 ; 9183.32
1090 ; 0.0 ; 0.0 ; 0.0 ; 9183.32
1091 ; 0.0 ; 0.0 ; 0.0 ; 9183.32
1092 ; 0.0 ; 16.666666 ; 0.0 ; 9199.987
1093 ; 0.0 ; 16.666666 ; 0.0 ; 9216.654
1094 ; 0.0 ; 0.0 ; 0.0 ; 9216.654
1095 ; 0.0 ; 16.666666 ; 0.0 ; 9233.321
1096 ; 0.0 ; 16.666666 ; 0.0 ; 9249.988
1097 ; 0.0 ; 0.0 ; 0.0 ; 9249.988
1098 ; 0.0 ; 0.0 ; 0.0 ; 9249.988
1099 ; 0.0 ; 0.0 ; 0.0 ; 9249.988
1100 ; 0.0 ; 0.0 ; 0.0 ; 9249.988
1101 ; 0.0 ; 16.666666 ; 0.0 ; 9266.655
1102 ; 0.0 ; 16.666666 ; 0.0 ; 9283.322
1103 ; 0.0 ; 16.666666 ; 0.0 ; 9299.989
1104 ; 0.0 ; 0.0 ; 0.0 ; 9299.989
1105 ; 0.0 ; 0.0 ; 0.0 ; 9299.989
1106 ; 0.0 ; 16.666666 ; 0.0 ; 9316.656
1107 ; 0.0 ; 0.0 ; 0.0 ; 9316.656
1108 ; 0.0 ; 16.666666 ; 0.0 ; 9333.323
1109 ; 0.0 ; 0.0 ; 0.0 ; 9333.323
1110 ; 0.0 ; 0.0 ; 0.0 ; 9333.323
1111 ; 0.0 ; 16.666666 ; 0.0 ; 9349.99
1112 ; 0.0 ; 0.0 ; 0.0 ; 9349.99
1113 ; 0.0 ; 16.666666 ; 0.0 ; 9366.657
1114 ; 0.0 ; 16.666666 ; 0.0 ; 9383.324
1115 ; 0.0 ; 0.0 ; 0.0 ; 9383.324
1116 ; 0.0 ; 0.0 ; 0.0 ; 9383.324
1117 ; 0.0 ; 16.666666 ; 0.0 ; 9399.991
1118 ; 0.0 ; 0.0 ; 0.0 ; 9399.991
1119 ; 0.0 ; 16.666666 ; 0.0 ; 9416.658
1120 ; 0.0 ; 16.666666 ; 0.0 ; 9433.325
1121 ; 0.0 ; 0.0 ; 0.0 ; 9433.325
1122 ; 0.0 ; 16.666666 ; 0.0 ; 9449.992
1123 ; 0.0 ; 16.666666 ; 0.0 ; 9466.659
1124 ; 0.0 ; 0.0 ; 0.0 ; 9466.659
1125 ; 0.0 ; 16.666666 ; 0.0 ; 9483.326
1126 ; 0.0 ; 16.666666 ; 0.0 ; 9499.993
1127 ; 0.0 ; 16.666666 ; 0.0 ; 9516.66
1128 ; 0.0 ; 0.0 ; 0.0 ; 9516.66
1129 ; 0.0 ; 16.666666 ; 0.0 ; 9533.327
1130 ; 0.0 ; 16.666666 ; 0.0 ; 9549.994
1131 ; 0.0 ; 16.666666 ; 0.0 ; 9566.661
1132 ; 0.0 ; 16.666666 ; 0.0 ; 9583.328
1133 ; 0.0 ; 0.0 ; 0.0 ; 9583.328
1134 ; 0.0 ; 0.0 ; 0.0 ; 9583.328
1135 ; 0.0 ; 16.666666 ; 0.0 ; 9599.995
1136 ; 0.0 ; 0.0 ; 0.0 ; 9599.995
1137 ; 0.0 ; 16.666666 ; 0.0 ; 9616.662
1138 ; 0.0 ; 16.666666 ; 0.0 ; 9633.329
1139 ; 0.0 ; 16.666666 ; 0.0 ; 9649.996
1140 ; 0.0 ; 16.666666 ; 0.0 ; 9666.663
1141 ; 0.0 ; 16.666666 ; 0.0 ; 9683.33
1142 ; 0.0 ; 0.0 ; 0.0 ; 9683.33
1143 ; 0.0 ; 0.0 ; 0.0 ; 9683.33
1144 ; 0.0 ; 0.0 ; 0.0 ; 9683.33
1145 ; 0.0 ; 0.0 ; 0.0 ; 9683.33
1146 ; 0.0 ; 16.666666 ; 0.0 ; 9699.997
1147 ; 0.0 ; 0.0 ; 0.0 ; 9699.997
1148 ; 0.0 ; 0.0 ; 0.0 ; 9699.997
1149 ; 0.0 ; 16.666666 ; 0.0 ; 9716.664
1150 ; 0.0 ; 0.0 ; 0.0 ; 9716.664
1151 ; 0.0 ; 16.666666 ; 0.0 ; 9733.331
1152 ; 0.0 ; 16.666666 ; 0.0 ; 9749.998
1153 ; 0.0 ; 16.666666 ; 0.0 ; 9766.665
1154 ; 0.0 ; 0.0 ; 0.0 ; 9766.665
1155 ; 0.0 ; 16.666666 ; 0.0 ; 9783.332
1156 ; 0.0 ; 16.666666 ; 0.0 ; 9799.999
1157 ; 0.0 ; 0.0 ; 0.0 ; 9799.999
1158 ; 0.0 ; 0.0 ; 0.0 ; 9799.999
1159 ; 0.0 ; 0.0 ; 0.0 ; 9799.999
1160 ; 0.0 ; 0.0 ; 0.0 ; 9799.999
1161 ; 0.0 ; 16.666666 ; 0.0 ; 9816.666
1162 ; 0.0 ; 16.666666 ; 0.0 ; 9833.333
1163 ; 0.0 ; 0.0 ; 0.0 ; 9833.333
1164 ; 0.0 ; 16.666666 ; 0.0 ; 9850.0
1165 ; 0.0 ; 16.666666 ; 0.0 ; 9866.667
1166 ; 0.0 ; 16.666666 ; 0.0 ; 9883.334
1167 ; 0.0 ; 0.0 ; 0.0 ; 9883.334
1168 ; 0.0 ; 16.666666 ; 0.0 ; 9900.001
1169 ; 0.0 ; 0.0 ; 0.0 ; 9900.001
1170 ; 0.0 ; 0.0 ; 0.0 ; 9900.001
1171 ; 0.0 ; 16.666666 ; 0.0 ; 9916.668
1172 ; 0.0 ; 0.0 ; 0.0 ; 9916.668
1173 ; 0.0 ; 16.666666 ; 0.0 ; 9933.335
1174 ; 0.0 ; 16.666666 ; 0.0 ; 9950.002
1175 ; 0.0 ; 16.666666 ; 0.0 ; 9966.669
1176 ; 0.0 ; 16.666666 ; 0.0 ; 9983.336
1177 ; 0.0 ; 0.0 ; 0.0 ; 9983.336
1178 ; 0.0 ; 16.666666 ; 0.0 ; 10000.003
1179 ; 0.0 ; 0.0 ; 0.0 ; 10000.003
1180 ; 0.0 ; 16.666666 ; 0.0 ; 10016.67
1181 ; 0.0 ; 0.0 ; 0.0 ; 10016.67
1182 ; 0.0 ; 16.666666 ; 0.0 ; 10033.337
1183 ; 0.0 ; 16.666666 ; 0.0 ; 10050.004
1184 ; 0.0 ; 0.0 ; 0.0 ; 10050.004
1185 ; 0.0 ; 16.666666 ; 0.0 ; 10066.671
1186 ; 0.0 ; 0.0 ; 0.0 ; 10066.671
1187 ; 0.0 ; 0.0 ; 0.0 ; 10066.671
1188 ; 0.0 ; 0.0 ; 0.0 ; 10066.671
1189 ; 0.0 ; 16.666666 ; 0.0 ; 10083.338
1190 ; 0.0 ; 16.666666 ; 0.0 ; 10100.005
1191 ; 0.0 ; 16.666666 ; 0.0 ; 10116.672
1192 ; 0.0 ; 16.666666 ; 0.0 ; 10133.339
1193 ; 0.0 ; 16.666666 ; 0.0 ; 10150.006
1194 ; 0.0 ; 16.666666 ; 0.0 ; 10166.673
1195 ; 0.0 ; 0.0 ; 0.0 ; 10166.673
1196 ; 0.0 ; 0.0 ; 0.0 ; 10166.673
1197 ; 0.0 ; 0.0 ; 0.0 ; 10166.673
1198 ; 0.0 ; 0.0 ; 0.0 ; 10166.673
1199 ; 0.0 ; 0.0 ; 0.0 ; 10166.673
1200 ; 0.0 ; 16.666666 ; 0.0 ; 10183.34
1201 ; 0.0 ; 16.666666 ; 0.0 ; 10200.007
1202 ; 0.0 ; 0.0 ; 0.0 ; 10200.007
1203 ; 0.0 ; 0.0 ; 0.0 ; 10200.007
1204 ; 0.0 ; 16.666666 ; 0.0 ; 10216.674
1205 ; 0.0 ; 0.0 ; 0.0 ; 10216.674
1206 ; 0.0 ; 16.666666 ; 0.0 ; 10233.341
1207 ; 0.0 ; 0.0 ; 0.0 ; 10233.341
1208 ; 0.0 ; 0.0 ; 0.0 ; 10233.341
1209 ; 0.0 ; 16.666666 ; 0.0 ; 10250.008
1210 ; 0.0 ; 16.666666 ; 0.0 ; 10266.675
1211 ; 0.0 ; 16.666666 ; 0.0 ; 10283.342
1212 ; 0.0 ; 16.666666 ; 0.0 ; 10300.009
1213 ; 0.0 ; 0.0 ; 0.0 ; 10300.009
1214 ; 0.0 ; 0.0 ; 0.0 ; 10300.009
1215 ; 0.0 ; 0.0 ; 0.0 ; 10300.009
1216 ; 0.0 ; 16.666666 ; 0.0 ; 10316.676
1217 ; 0.0 ; 16.666666 ; 0.0 ; 10333.343
1218 ; 0.0 ; 16.666666 ; 0.0 ; 10350.01
1219 ; 0.0 ; 0.0 ; 0.0 ; 10350.01
1220 ; 0.0 ; 16.666666 ; 0.0 ; 10366.677
1221 ; 0.0 ; 0.0 ; 0.0 ; 10366.677
1222 ; 0.0 ; 0.0 ; 0.0 ; 10366.677
1223 ; 0.0 ; 0.0 ; 0.0 ; 10366.677
1224 ; 0.0 ; 16.666666 ; 0.0 ; 10383.344
1225 ; 0.0 ; 16.666666 ; 0.0 ; 10400.011
1226 ; 0.0 ; 16.666666 ; 0.0 ; 10416.678
1227 ; 0.0 ; 16.666666 ; 0.0 ; 10433.345
1228 ; 0.0 ; 16.666666 ; 0.0 ; 10450.012
1229 ; 0.0 ; 16.666666 ; 0.0 ; 10466.679
1230 ; 0.0 ; 0.0 ; 0.0 ; 10466.679
1231 ; 0.0 ; 16.666666 ; 0.0 ; 10483.346
1232 ; 0.0 ; 0.0 ; 0.0 ; 10483.346
1233 ; 0.0 ; 0.0 ; 0.0 ; 10483.346
1234 ; 0.0 ; 16.666666 ; 0.0 ; 10500.013
1235 ; 0.0 ; 0.0 ; 0.0 ; 10500.013
1236 ; 0.0 ; 0.0 ; 0.0 ; 10500.013
1237 ; 0.0 ; 0.0 ; 0.0 ; 10500.013
1238 ; 0.0 ; 16.666666 ; 0.0 ; 10516.68
1239 ; 0.0 ; 16.666666 ; 0.0 ; 10533.347
1240 ; 0.0 ; 0.0 ; 0.0 ; 10533.347
1241 ; 0.0 ; 16.666666 ; 0.0 ; 10550.014
1242 ; 0.0 ; 0.0 ; 0.0 ; 10550.014
1243 ; 0.0 ; 16.666666 ; 0.0 ; 10566.681
1244 ; 0.0 ; 0.0 ; 0.0 ; 10566.681
1245 ; 0.0 ; 16.666666 ; 0.0 ; 10583.348
1246 ; 0.0 ; 16.666666 ; 0.0 ; 10600.015
1247 ; 0.0 ; 0.0 ; 0.0 ; 10600.015
1248 ; 0.0 ; 0.0 ; 0.0 ; 10600.015
1249 ; 0.0 ; 16.666666 ; 0.0 ; 10616.682
1250 ; 0.0 ; 0.0 ; 0.0 ; 10616.682
1251 ; 0.0 ; 0.0 ; 0.0 ; 10616.682
1252 ; 0.0 ; 0.0 ; 0.0 ; 10616.682
1253 ; 0.0 ; 16.666666 ; 0.0 ; 10633.349
1254 ; 0.0 ; 0.0 ; 0.0 ; 10633.349
1255 ; 0.0 ; 16.666666 ; 0.0 ; 10650.016
1256 ; 0.0 ; 0.0 ; 0.0 ; 10650.016
1257 ; 0.0 ; 0.0 ; 0.0 ; 10650.016
1258 ; 0.0 ; 0.0 ; 0.0 ; 10650.016
1259 ; 0.0 ; 0.0 ; 0.0 ; 10650.016
1260 ; 0.0 ; 0.0 ; 0.0 ; 10650.016
1261 ; 0.0 ; 0.0 ; 0.0 ; 10650.016
1262 ; 0.0 ; 16.666666 ; 0.0 ; 10666.683
1263 ; 0.0 ; 0.0 ; 0.0 ; 10666.683
1264 ; 0.0 ; 16.666666 ; 0.0 ; 10683.35
1265 ; 0.0 ; 0.0 ; 0.0 ; 10683.35
1266 ; 0.0 ; 0.0 ; 0.0 ; 10683.35
1267 ; 0.0 ; 0.0 ; 0.0 ; 10683.35
1268 ; 0.0 ; 16.666666 ; 0.0 ; 10700.017
1269 ; 0.0 ; 16.666666 ; 0.0 ; 10716.684
1270 ; 0.0 ; 0.0 ; 0.0 ; 10716.684
1271 ; 0.0 ; 0.0 ; 0.0 ; 10716.684
1272 ; 0.0 ; 0.0 ; 0.0 ; 10716.684
1273 ; 0.0 ; 16.666666 ; 0.0 ; 10733.351
1274 ; 0.0 ; 0.0 ; 0.0 ; 10733.351
1275 ; 0.0 ; 0.0 ; 0.0 ; 10733.351
1276 ; 0.0 ; 0.0 ; 0.0 ; 10733.351
1277 ; 0.0 ; 16.666666 ; 0.0 ; 10750.018
1278 ; 0.0 ; 0.0 ; 0.0 ; 10750.018
1279 ; 0.0 ; 0.0 ; 0.0 ; 10750.018
1280 ; 0.0 ; 16.666666 ; 0.0 ; 10766.685
1281 ; 0.0 ; 16.666666 ; 0.0 ; 10783.352
1282 ; 0.0 ; 16.666666 ; 0.0 ; 10800.019
1283 ; 0.0 ; 0.0 ; 0.0 ; 10800.019
1284 ; 0.0 ; 0.0 ; 0.0 ; 10800.019
1285 ; 0.0 ; 0.0 ; 0.0 ; 10800.019
1286 ; 0.0 ; 16.666666 ; 0.0 ; 10816.686
1287 ; 0.0 ; 0.0 ; 0.0 ; 10816.686
1288 ; 0.0 ; 0.0 ; 0.0 ; 10816.686
1289 ; 0.0 ; 16.666666 ; 0.0 ; 10833.353
1290 ; 0.0 ; 16.666666 ; 0.0 ; 10850.02
1291 ; 0.0 ; 16.666666 ; 0.0 ; 10866.687
1292 ; 0.0 ; 16.666666 ; 0.0 ; 10883.354
1293 ; 0.0 ; 16.666666 ; 0.0 ; 10900.0205
1294 ; 0.0 ; 16.666666 ; 0.0 ; 10916.6875
1295 ; 0.0 ; 16.666666 ; 0.0 ; 10933.3545
1296 ; 0.0 ; 16.666666 ; 0.0 ; 10950.021
1297 ; 0.0 ; 0.0 ; 0.0 ; 10950.021
1298 ; 0.0 ; 16.666666 ; 0.0 ; 10966.688
1299 ; 0.0 ; 16.666666 ; 0.0 ; 10983.355
1300 ; 0.0 ; 16.666666 ; 0.0 ; 11000.022
1301 ; 0.0 ; 16.666666 ; 0.0 ; 11016.689
1302 ; 0.0 ; 16.666666 ; 0.0 ; 11033.356
1303 ; 0.0 ; 0.0 ; 0.0 ; 11033.356
1304 ; 0.0 ; 16.666666 ; 0.0 ; 11050.023
1305 ; 0.0 ; 16.666666 ; 0.0 ; 11066.69
1306 ; 0.0 ; 16.666666 ; 0.0 ; 11083.357
1307 ; 0.0 ; 16.666666 ; 0.0 ; 11100.024
1308 ; 0.0 ; 0.0 ; 0.0 ; 11100.024
1309 ; 0.0 ; 0.0 ; 0.0 ; 11100.024
1310 ; 0.0 ; 16.666666 ; 0.0 ; 11116.691
1311 ; 0.0 ; 0.0 ; 0.0 ; 11116.691
1312 ; 0.0 ; 0.0 ; 0.0 ; 11116.691
1313 ; 0.0 ; 0.0 ; 0.0 ; 11116.691
1314 ; 0.0 ; 16.666666 ; 0.0 ; 11133.358
1315 ; 0.0 ; 0.0 ; 0.0 ; 11133.358
1316 ; 0.0 ; 0.0 ; 0.0 ; 11133.358
1317 ; 0.0 ; 0.0 ; 0.0 ; 11133.358
1318 ; 0.0 ; 16.666666 ; 0.0 ; 11150.025
1319 ; 0.0 ; 0.0 ; 0.0 ; 11150.025
1320 ; 0.0 ; 16.666666 ; 0.0 ; 11166.692
1321 ; 0.0 ; 0.0 ; 0.0 ; 11166.692
1322 ; 0.0 ; 16.666666 ; 0.0 ; 11183.359
1323 ; 0.0 ; 16.666666 ; 0.0 ; 11200.026
1324 ; 0.0 ; 16.666666 ; 0.0 ; 11216.693
1325 ; 0.0 ; 16.666666 ; 0.0 ; 11233.36
1326 ; 0.0 ; 16.666666 ; 0.0 ; 11250.027
1327 ; 0.0 ; 16.666666 ; 0.0 ; 11266.694
1328 ; 0.0 ; 0.0 ; 0.0 ; 11266.694
1329 ; 0.0 ; 0.0 ; 0.0 ; 11266.694
1330 ; 0.0 ; 0.0 ; 0.0 ; 11266.694
1331 ; 0.0 ; 16.666666 ; 0.0 ; 11283.361
1332 ; 0.0 ; 0.0 ; 0.0 ; 11283.361
1333 ; 0.0 ; 16.666666 ; 0.0 ; 11300.028
1334 ; 0.0 ; 16.666666 ; 0.0 ; 11316.695
1335 ; 0.0 ; 0.0 ; 0.0 ; 11316.695
1336 ; 0.0 ; 16.666666 ; 0.0 ; 11333.362
1337 ; 0.0 ; 0.0 ; 0.0 ; 11333.362
1338 ; 0.0 ; 16.666666 ; 0.0 ; 11350.029
1339 ; 0.0 ; 0.0 ; 0.0 ; 11350.029
1340 ; 0.0 ; 16.666666 ; 0.0 ; 11366.696
1341 ; 0.0 ; 0.0 ; 0.0 ; 11366.696
1342 ; 0.0 ; 16.666666 ; 0.0 ; 11383.363
1343 ; 0.0 ; 16.666666 ; 0.0 ; 11400.03
1344 ; 0.0 ; 16.666666 ; 0.0 ; 11416.697
1345 ; 0.0 ; 0.0 ; 0.0 ; 11416.697
1346 ; 0.0 ; 16.666666 ; 0.0 ; 11433.364
1347 ; 0.0 ; 16.666666 ; 0.0 ; 11450.031
1348 ; 0.0 ; 16.666666 ; 0.0 ; 11466.698
1349 ; 0.0 ; 16.666666 ; 0.0 ; 11483.365
1350 ; 0.0 ; 16.666666 ; 0.0 ; 11500.032
1351 ; 0.0 ; 0.0 ; 0.0 ; 11500.032
1352 ; 0.0 ; 16.666666 ; 0.0 ; 11516.699
1353 ; 0.0 ; 0.0 ; 0.0 ; 11516.699
1354 ; 0.0 ; 16.666666 ; 0.0 ; 11533.366
1355 ; 0.0 ; 0.0 ; 0.0 ; 11533.366
1356 ; 0.0 ; 16.666666 ; 0.0 ; 11550.033
1357 ; 0.0 ; 0.0 ; 0.0 ; 11550.033
1358 ; 0.0 ; 16.666666 ; 0.0 ; 11566.7
1359 ; 0.0 ; 0.0 ; 0.0 ; 11566.7
1360 ; 0.0 ; 16.666666 ; 0.0 ; 11583.367
1361 ; 0.0 ; 16.666666 ; 0.0 ; 11600.034
1362 ; 0.0 ; 16.666666 ; 0.0 ; 11616.701
1363 ; 0.0 ; 16.666666 ; 0.0 ; 11633.368
1364 ; 0.0 ; 16.666666 ; 0.0 ; 11650.035
1365 ; 0.0 ; 16.666666 ; 0.0 ; 11666.702
1366 ; 0.0 ; 16.666666 ; 0.0 ; 11683.369
1367 ; 0.0 ; 0.0 ; 0.0 ; 11683.369
1368 ; 0.0 ; 0.0 ; 0.0 ; 11683.369
1369 ; 0.0 ; 16.666666 ; 0.0 ; 11700.036
1370 ; 0.0 ; 16.666666 ; 0.0 ; 11716.703
1371 ; 0.0 ; 16.666666 ; 0.0 ; 11733.37
1372 ; 0.0 ; 16.666666 ; 0.0 ; 11750.037
1373 ; 0.0 ; 16.666666 ; 0.0 ; 11766.704
1374 ; 0.0 ; 16.666666 ; 0.0 ; 11783.371
1375 ; 0.0 ; 16.666666 ; 0.0 ; 11800.038
1376 ; 0.0 ; 16.666666 ; 0.0 ; 11816.705
1377 ; 0.0 ; 0.0 ; 0.0 ; 11816.705
1378 ; 0.0 ; 16.666666 ; 0.0 ; 11833.372
1379 ; 0.0 ; 16.666666 ; 0.0 ; 11850.039
1380 ; 0.0 ; 0.0 ; 0.0 ; 11850.039
1381 ; 0.0 ; 0.0 ; 0.0 ; 11850.039
1382 ; 0.0 ; 0.0 ; 0.0 ; 11850.039
1383 ; 0.0 ; 16.666666 ; 0.0 ; 11866.706
1384 ; 0.0 ; 0.0 ; 0.0 ; 11866.706
1385 ; 0.0 ; 16.666666 ; 0.0 ; 11883.373
1386 ; 0.0 ; 16.666666 ; 0.0 ; 11900.04
1387 ; 0.0 ; 16.666666 ; 0.0 ; 11916.707
1388 ; 0.0 ; 0.0 ; 0.0 ; 11916.707
1389 ; 0.0 ; 0.0 ; 0.0 ; 11916.707
1390 ; 0.0 ; 16.666666 ; 0.0 ; 11933.374
1391 ; 0.0 ; 16.666666 ; 0.0 ; 11950.041
1392 ; 0.0 ; 16.666666 ; 0.0 ; 11966.708
1393 ; 0.0 ; 16.666666 ; 0.0 ; 11983.375
1394 ; 0.0 ; 16.666666 ; 0.0 ; 12000.042
1395 ; 0.0 ; 0.0 ; 0.0 ; 12000.042
1396 ; 0.0 ; 16.666666 ; 0.0 ; 12016.709
1397 ; 0.0 ; 16.666666 ; 0.0 ; 12033.376
1398 ; 0.0 ; 16.666666 ; 0.0 ; 12050.043
1399 ; 0.0 ; 16.666666 ; 0.0 ; 12066.71
1400 ; 0.0 ; 0.0 ; 0.0 ; 12066.71
1401 ; 0.0 ; 0.0 ; 0.0 ; 12066.71
1402 ; 0.0 ; 16.666666 ; 0.0 ; 12083.377
1403 ; 0.0 ; 0.0 ; 0.0 ; 12083.377
1404 ; 0.0 ; 16.666666 ; 0.0 ; 12100.044
1405 ; 0.0 ; 0.0 ; 0.0 ; 12100.044
1406 ; 0.0 ; 16.666666 ; 0.0 ; 12116.711
1407 ; 0.0 ; 0.0 ; 0.0 ; 12116.711
1408 ; 0.0 ; 16.666666 ; 0.0 ; 12133.378
1409 ; 0.0 ; 16.666666 ; 0.0 ; 12150.045
1410 ; 0.0 ; 16.666666 ; 0.0 ; 12166.712
1411 ; 0.0 ; 16.666666 ; 0.0 ; 12183.379
1412 ; 0.0 ; 16.666666 ; 0.0 ; 12200.046
1413 ; 0.0 ; 16.666666 ; 0.0 ; 12216.713
1414 ; 0.0 ; 0.0 ; 0.0 ; 12216.713
1415 ; 0.0 ; 16.666666 ; 0.0 ; 12233.38
1416 ; 0.0 ; 0.0 ; 0.0 ; 12233.38
1417 ; 0.0 ; 0.0 ; 0.0 ; 12233.38
1418 ; 0.0 ; 0.0 ; 0.0 ; 12233.38
1419 ; 0.0 ; 16.666666 ; 0.0 ; 12250.047
1420 ; 0.0 ; 16.666666 ; 0.0 ; 12266.714
1421 ; 0.0 ; 0.0 ; 0.0 ; 12266.714
1422 ; 0.0 ; 0.0 ; 0.0 ; 12266.714
1423 ; 0.0 ; 0.0 ; 0.0 ; 12266.714
1424 ; 0.0 ; 16.666666 ; 0.0 ; 12283.381
1425 ; 0.0 ; 16.666666 ; 0.0 ; 12300.048
1426 ; 0.0 ; 0.0 ; 0.0 ; 12300.048
1427 ; 0.0 ; 0.0 ; 0.0 ; 12300.048
1428 ; 0.0 ; 0.0 ; 0.0 ; 12300.048
1429 ; 0.0 ; 16.666666 ; 0.0 ; 12316.715
1430 ; 0.0 ; 16.666666 ; 0.0 ; 12333.382
1431 ; 0.0 ; 0.0 ; 0.0 ; 12333.382
1432 ; 0.0 ; 0.0 ; 0.0 ; 12333.382
1433 ; 0.0 ; 0.0 ; 0.0 ; 12333.382
1434 ; 0.0 ; 0.0 ; 0.0 ; 12333.382
1435 ; 0.0 ; 0.0 ; 0.0 ; 12333.382
1436 ; 0.0 ; 0.0 ; 0.0 ; 12333.382
1437 ; 0.0 ; 0.0 ; 0.0 ; 12333.382
1438 ; 0.0 ; 0.0 ; 0.0 ; 12333.382
1439 ; 0.0 ; 16.666666 ; 0.0 ; 12350.049
